KegLand Part Number,Product Name,Units Per Outter Carton/Bag,Medium Price Break QTY,Large Price Break QTY,FOB (shanghai) COST Large Price Break Quantity USD,FOB (shanghai) COST Medium Price Break Quantity in USD,FOB (shanghai) COST Small Price Break Quantity in USD,,
KL00017,Grand Deluxe Kegerator GD125 Discontinued,1,2,10,$674.10,$770.40,$930.90,,
KL00024,Grand Deluxe Kegerator GD185 Discontinued,1,2,10,$861.00,$984.00,"$1,189.00",,
KL00086,"Keg Master - Series 4 - Fridge with castor wheels, glass holder, drip tray, shelves,co2 Cylinder holder",1,2,48,$163.80,$187.20,$226.20,,
KL00093,"Keg Master - Series 4 - Fridge with castor wheels, glass holder, drip tray, shelves+MK4 Regulator",1,2,48,$177.87,$203.28,$245.63,,
KL00130,Keg Master - Series 4 Fridge+MK4 Regulator - Single Tap - Stainless Font + Intertap SS Taps,1,2,48,$208.85,$238.54,$288.03,,
KL00147,Keg Master - Series 4 Fridge+MK4 Regulator - Double Tap - Stainless Font + Intertap SS Taps,1,2,48,$224.97,$256.96,$310.29,,
KL00154,Keg Master - Series 4 Fridge+MK4 Regulator - Tripl Tap - Stainless Font + Intertap SS Taps,1,2,48,$241.35,$275.68,$332.91,,
KL00161,Keg Master - Series 4 Fridge+MK4 Regulator - Single Tap - Stainless Font + Intertap FC Taps,1,2,48,$214.73,$245.26,$296.15,,
KL00178,Keg Master - Series 4 Fridge+MK4 Regulator - Double Tap - Stainless Font + Intertap FC Taps,1,2,48,$236.73,$270.40,$326.53,,
KL00185,Keg Master - Series 4 Fridge+MK4 Regulator - Tripl Tap - Stainless Font + Intertap FC Taps,1,2,48,$258.99,$295.84,$357.27,,
KL00789,T-Bar Flooded Font - Double Tap (Chrome Plated Stainless),1,2,30,$173.00,$197.00,$237.00,,
KL00796,T-Bar Flooded Font - Triple Tap (Chrome Plated Stainless),1,2,30,$178.25,$203.00,$244.25,,
KL01649,Stainless Steel Conical Fementers 60L -Discontinued,1,2,10,$315.00,$360.00,$435.00,,
KL01656,Stainless Steel Conical Fementers 100L -Discontinued,1,2,10,$367.50,$420.00,$507.50,,
KL01663,Stainless Steel Conical Fementers 300L,1,2,5,"$1,438.50","$1,644.00","$1,986.50",,
KL01670,"150L Conical Fermenter (pressurisable, jacketed)",1,2,3,"$2,205.00","$2,520.00","$3,045.00",,
KL01687,"200L Conical Fermenter (pressurisable, jacketed)",1,2,3,"$2,310.00","$2,640.00","$3,190.00",,
KL01694,"400L Conical Fermenter (pressurisable, jacketed)",1,2,3,"$2,520.00","$2,880.00","$3,480.00",,
KL01700,"450L Conical Fermenter (pressurisable, jacketed)",1,2,3,"$2,625.00","$3,000.00","$3,625.00",,
KL01717,"600L Conical Fermenter (pressurisable, jacketed)",1,2,3,"$2,919.00","$3,336.00","$4,031.00",,
KL01724,"800L Conical Fermenter (pressurisable, jacketed)",1,2,3,"$3,260.25","$3,726.00","$4,502.25",,
KL01731,"1000L Conical Fermenter (pressurisable, jacketed)",1,2,3,"$3,664.50","$4,188.00","$5,060.50",,
KL01748,"1500L Conical Fermenter (pressurisable, jacketed)",1,2,3,"$4,410.00","$5,040.00","$6,090.00",,
KL01755,"2000L Conical Fermenter (pressurisable, jacketed)",1,2,3,"$5,460.00","$6,240.00","$7,540.00",,
KL01762,"3000L Conical Fermenter (pressurisable, jacketed)",1,2,3,"$6,825.00","$7,800.00","$9,425.00",,
KL01779,1200L Bright Tank,1,2,3,"$3,885.00","$4,440.00","$5,365.00",,
KL01786,10BBL Brew Kettle,1,2,3,"$5,355.00","$6,120.00","$7,395.00",,
KL01793,2000L Bright Tank,1,2,3,"$5,512.50","$6,300.00","$7,612.50",,
KL01809,2100l hot liquor tank,1,2,3,"$5,512.50","$6,300.00","$7,612.50",,
KL02752,Spear compression tool (Discontinued),,2,10,$136.50,$156.00,$188.50,,
KL04114,Icemaster G40 Glycol/Icebank with Digital Control 220-240V,1,2,30,$346.50,$396.00,$478.50,,50
KL04121,Icemaster G40 Glycol/Icebank with Stainless Coils and impeller pump Removed 220V-240V,1,2,50,$281.40,$321.60,$388.60,,
KL04558,50L Kegmenter with 4inch Flat Lid and Airlock,1,2,36,$72.45,$82.80,$100.05,,
KL04565,"50L Kegmenter with 4inch Lid with Ball Lock Posts,Floating Dip tube and PRV (Red 2.5Bar) (KL05890)",1,2,36,$88.20,$100.80,$121.80,,
KL04572,"58L Kegmenter with 4inch Lid with Ball Lock Posts,Floating Dip tube and PRV (Red 2.5Bar) (KL05890)",1,2,36,$99.75,$114.00,$137.75,,
KL06804,Icemaster G40 Glycol/Icebank with Digital Control 110-120V,1,2,30,$346.50,$396.00,$478.50,,
KL06811,Icemaster G40 Glycol/Icebank with Stainless Coils and impeller pump Removed 110V-120V,1,2,50,$281.40,$321.60,$388.60,,
KL07092,Icemaster G40 Glycol/Icebank with Stainless Coils and impeller pump Removed but with stainless 10x10mm ID Bulkhead Fittings (220-240V),1,2,50,$291.90,$333.60,$403.10,,
KL07108,Icemaster G40 Glycol/Icebank with Stainless Coils and impeller pump Removed but with stainless 10x10mm ID Bulkhead Fittings (110-120V),1,2,50,$291.90,$333.60,$403.10,,
KL08990,Evaporator (GD3),,2,10,$68.25,$78.00,$94.25,,
KL12317,"4000L Conical Fermenter (pressurisable, jacketed)",1,2,3,"$8,190.00","$9,360.00","$11,310.00",,
KL13437,1200L (12HL) Brewhouse,1,2,3,"$21,000.00","$24,000.00","$29,000.00",,
KL13444,600L (6HL) Brewhouse,1,2,3,"$19,950.00","$22,800.00","$27,550.00",,
KL13512,"Keg Master - Series X - Fridge with castor wheels, drip tray, shelves,co2 Cylinder holder",1,2,48,$179.55,$205.20,$247.95,,38.2
KL13802,CO2 Fill Pump (10:1 ratio),,2,3,$897.75,"$1,026.00","$1,239.75",,
KL15073,Keg Master - Series X - Fridge only,1,2,48,$170.10,$194.40,$234.90,,
KL15080,"Keg Master - Series X - Fridge with castor wheels, drip tray, shelves,co2 Cylinder holder,Co2 Regulator",1,2,48,$193.62,$221.28,$267.38,,
KL16339,G20 - Submersible pump,,2,50,$6.30,$7.20,$8.70,,
KL16346,G20 - Display Temp controller,,2,50,$2.84,$3.24,$3.92,,
KL16353,G20 - Probe for Temp controller,,2,50,$1.47,$1.68,$2.03,,
KL08938,Glass Door - Left (GD3Ôºâ,1,3,10,$47.25,$54.00,$65.25,,
KL08945,Glass Door - Right (GD3Ôºâ,1,3,10,$47.25,$54.00,$65.25,,
KL08952,Solid Door - Right (GD3Ôºâ,1,3,10,$39.90,$45.60,$55.10,,
KL08969,Solid Door - Right (GD3Ôºâ,1,3,10,$39.90,$45.60,$55.10,,
KL00031,Black Doors for GD Kegerators Discontinued,1,4,5,$30.45,$34.80,$42.05,,
KL00048,Glass Door - Left (GD125) Discontinued,1,4,10,$39.90,$45.60,$55.10,,
KL00055,Glass Door - Right (GD125) Discontinued,1,4,10,$39.90,$45.60,$55.10,,
KL00062,Glass Door - Left (GD185) Discontinued,1,4,10,$39.90,$45.60,$55.10,,
KL00079,Glass Door - Right (GD185) Discontinued,1,4,10,$39.90,$45.60,$55.10,,
KL00765,Cobra Triple Tap Flooded Font,4,4,60,$66.05,$75.48,$91.21,,
KL00772,T-Bar Flooded Font - Single Tap (Chrome Plated Stainless),1,4,30,$94.25,$107.00,$128.25,,
KL02776,30L S.S Keg without Spear,,4,40,$49.35,$56.40,$68.15,,
KL03261,MaltMuncher Grain Mill 3 Roller,4,4,48,$62.48,$71.40,$86.28,,6.83
KL04541,"118L Kegmenter with 4inch Flat Lid , Airlock and 1.5inch end cap",1,4,36,$127.62,$145.85,$176.23,,
KL06859,58L Kegmenter with 4inch Flat Lid and Airlock,1,4,36,$89.25,$102.00,$123.25,,10
KL06866,29L Kegmenter with 4inch Flat Lid and Airlock,1,4,36,$70.35,$80.40,$97.15,,
KL15691,MaltZilla - Grain Mill + Motor (24V 250W; 120RPM) with Anderson Plug (power supply sold seprately) - Diamond Coated Roller With Plastic Hub,,4,48,$64.05,$73.20,$88.45,,
KL15776,MaltZilla - Grain Mill + Motor (24V 250W; 120RPM) with Anderson Plug (power supply sold seprately) - Diamond Coated Roller Solid Stainless Roller,,4,48,$83.48,$95.40,$115.28,,
KL00192,Series X & 4 - Replacement Wrap Around Drip Tray,50,5,100,$2.81,$3.14,$3.69,,
KL00208,Series X & 4 - Replacement Guard Rail,,5,100,$10.29,$11.76,$14.21,,
KL00215,Series X & 4 - Replacement Cylinder Bracket,,5,100,$2.84,$3.24,$3.92,,
KL00222,Replacement 1.5 inch Rubber Castor Wheels(4/set including 2 with brake),,5,100,$3.89,$4.44,$5.37,,
KL00239,Series 4 - 100mm Heavy Duty Castor Wheel Upgrade (4/set including 2 with brake),,5,100,$15.75,$18.00,$21.75,,
KL00246,Series 4 - Replacement Main Circuit Board,,5,100,$7.25,$8.28,$10.01,,
KL00253,Series 4 - Replacement Temp Control Circuit Board with Plastic Frame,,5,100,$4.04,$4.62,$5.58,,
KL00260,Series 4 - Glass Rack Holder,,5,100,$2.63,$3.00,$3.63,,
KL00277,Series X & 4 - Replacment Air Circulation Fan,,5,100,$11.13,$12.72,$15.37,,
KL00291,Series 4 - Wire Shelves,,5,100,$2.94,$3.36,$4.06,,
KL00307,Series X & 4 - Replacement Keypad Membrane,,5,100,$0.32,$0.36,$0.44,,
KL00314,Series 4 - Replacement Fridge Door,,5,100,$24.15,$27.60,$33.35,,
KL00321,Kegerator Water Resistant Cover for Series 4 Kegerator,,5,100,$13.65,$15.60,$18.85,,
KL01212,Party Pump Kit,,5,80,$12.08,$13.80,$16.68,,
KL01885,1.5inch tri-clover Butterfly Valve,50,5,100,$12.29,$14.04,$16.97,,
KL01892,1.5 Inch Tri Clover with 3/4 Female Thread,100,5,200,$2.00,$2.28,$2.76,,
KL03278,High Torque Motor (Discontinued),1,5,50,$86.10,$98.40,$118.90,,
KL03674,Stainless Stout/Nitro Coffee Tap,,5,80,$33.08,$37.80,$45.68,,
KL04138,Replacement Impeller Pump / Agitator Assembly for G40 (220-240v),,5,50,$27.30,$31.20,$37.70,,
KL04190,FreedomOne Sodastream Adapter Hose - 36inch,,5,50,$17.80,$20.20,$24.20,,
KL04206,FreedomOne Sodastream Adapter Hose - 72‚Äùinch (180cm),,5,50,$20.95,$23.80,$28.55,,
KL04671,56L Insulated Mash Tun Esky (with false bottom and stainless ball valve),,5,100,$58.80,$67.20,$81.20,,
KL04688,Hop Spider,100,5,100,$6.72,$7.68,$9.28,,80
KL04787,Replacement SS Immersion Chiller for 35L Brewzilla,,5,100,$20.90,$23.60,$28.10,,
KL04800,Replacement Malt Pipe for 35L Brewzilla(Handle; Bottom screen),,5,100,$16.59,$18.96,$22.91,,
KL04831,RoboJacket/BrewZilla Jacket 35L (Neoprene Parka),20,5,100,$6.25,$7.00,$8.25,,
KL04848,U-Channel silicone Seal for Brewzilla 35L Malt Pipe Screen,,5,50,$0.53,$0.60,$0.73,,
KL06149,Box of 10 x Spare 16gram Cartridge,10,5,300,$5.67,$6.48,$7.83,,
KL06309,Brewzilla 35L & 65L - Main Circuit board,,5,30,$7.56,$8.64,$10.44,,
KL06316,Brewzilla 35L & 65L - LCD,,5,30,$2.84,$3.24,$3.92,,
KL06798,"High Pressur Extension Hose Type 30 - 72""inch (180cm)",1,5,50,$13.08,$14.80,$17.68,,
KL06828,Replacement Impeller Pump / Agitator Assembly for G40 (110-120v),,5,50,$30.45,$34.80,$42.05,,
KL07467,MaltZilla - Grain Mill (With Handle),,5,50,$39.06,$44.64,$53.94,,
KL08921,RoboJacket/BrewZilla Jacket 65L (Neoprene Parka),20,5,80,$6.98,$7.98,$9.64,,
KL08976,Digital Controller(GD3),,5,10,$26.25,$30.00,$36.25,,
KL08983,Fan Conduit Tube (GD3),,5,20,$5.25,$6.00,$7.25,,
KL09003,Caster Wheel (GD3),,5,10,$21.00,$24.00,$29.00,,
KL10887,EvaBarrier 4mm(5/32inch)ID x 8mm(5/16inch)OD (100 meter Length in Bag),1,5,30,$29.51,$33.72,$40.75,,
KL10894,EvaBarrier 5mm(5/32inch)ID x 8mm(5/16inch)OD (100 meter Length in Bag),1,5,30,$23.00,$26.28,$31.76,,
KL10900,EvaBarrier 6.3mm(1/4inch)ID x 9.5mm (3/8inch)OD (100 meter Length in Bag),1,5,30,$39.17,$44.76,$54.09,,
KL11167,MaltZilla-handle with M10*80 Bolt,,5,50,$4.94,$5.64,$6.82,,
KL11174,Motor (24V 250W; 120RPM) with Anderson Plug,,5,50,$38.33,$43.80,$52.93,,
KL13499,G40 Ice bank with 1 Submersible pumps 240V,1,5,100,$344.30,$393.48,$475.46,,
KL13505,G40 Ice bank with 4 Submersible pumps 110V,1,5,100,$388.50,$444.00,$536.50,,
KL13673,Modular 76mm Flange Font - Elbow,,5,50,$26.78,$30.60,$36.98,,
KL13680,Modular 76mm Flange Font - Single Tee,,5,50,$41.37,$47.28,$57.13,,
KL13697,Modular 76mm Flange Font - Extension,,5,50,$13.86,$15.84,$19.14,,
KL13703,Modular 76mm Flange Font - End Cap(with Screws x4),,5,50,$3.76,$4.30,$5.19,,
KL13710,Modular 76mm Flange Font - Double Tee,,5,50,$50.40,$57.60,$69.60,,
KL13727,Modular 76mm Flange Font - Screws x 4,,5,50,$0.38,$0.43,$0.52,,
KL14540,Replacement G40 Temperature controller,,5,50,$8.72,$9.96,$12.04,,
KL15554,Submersible Pump with 1M Power Cord 110v-120v,,5,100,$14.70,$16.80,$20.30,,
KL15783,Series X - Wire Shelves,,5,100,$1.47,$1.68,$2.03,,
KL15790,Series X - Replacement Fridge Door,,5,100,$14.18,$16.20,$19.58,,
KL15875,Pulley Kit 6mm x 8m Rope,,5,50,$7.01,$8.02,$9.69,,
KL16285,Series X - Replacement Main Circuit Board,,5,100,$7.25,$8.28,$10.01,,
KL16292,Series X - Replacement Temp Control Circuit Board with Plastic Frame,,5,100,$4.04,$4.62,$5.58,,
KL16506,Can Fresh - B64 Full Aperture Lid (5000/carton),,5,10,$162.75,$186.00,$224.75,,
KL00741,Cobra Singal Tap Flooded Font,6,6,60,$43.05,$49.20,$59.45,,
KL00758,Cobra Dual Tap Flooded Font,6,6,60,$48.20,$55.08,$66.56,,
KL02936,15L Wash Out Line Cleaning Keg,1,6,60,$63.00,$72.00,$87.00,,5.3
KL03254,MaltMuncher Grain Mill 2 Roller,1,6,60,$38.33,$43.80,$52.93,,3.14
KL04657,American White Oak barrel 5L (Medium Toast),6,6,60,$41.90,$47.88,$57.86,,
KL05906,29L Kegmenter with 4inch Lid with Ball Lock Posts (KL05890),1,6,40,$85.05,$97.20,$117.45,,
KL03445,Coupling for Keg Boiler & Turbo Boiler (Discontinued),,8,100,$13.23,$15.12,$18.27,,
KL03452,Turbo Boiler - 2000watt (Discontinued),,8,200,$47.25,$54.00,$65.25,,
KL03469,Lid for Robobrew/BrewZilla/Digiboiler 35L (No Hole),,8,100,$7.88,$9.00,$10.88,,
KL03476,Distillation Lid for Robobrew/BrewZilla/Digiboiler 35L (60mm Hole),,8,100,$7.88,$9.00,$10.88,,
KL03483,Distillation Lid for Robobrew/BrewZilla/Digiboiler 35L (47mm Hole),,8,100,$7.88,$9.00,$10.88,,
KL03490,Silicone Gasket for Distillation Lid for Robobrew/BrewZilla/Digiboiler 35L,,8,100,$1.74,$1.84,$2.02,,
KL04213,Continuous Chilled Sparkling/Still Water Sparkeltap (Discontinued),,8,80,$420.00,$480.00,$580.00,,
KL04664,American White Oak barrel 10L (Medium toast),4,8,60,$72.45,$82.80,$100.05,,
KL02783,A-type Spear (Euro - Shorter),50,9,100,$8.40,$9.60,$11.60,,
KL02790,D-type Spear (Euro - Shorter),42,9,84,$8.40,$9.60,$11.60,,
KL02806,A-type Spear - Micromatic,1,9,80,$16.28,$18.60,$22.48,,
KL02813,D-type Spear - Micromatic,1,9,80,$16.28,$18.60,$22.48,,
KL02820,S-type Spear - Micromatic,1,9,80,$16.28,$18.60,$22.48,,
KL09492,A -Type spear (DIN - Longer),1,9,80,$8.40,$9.60,$11.60,,
KL09508,D- Type spear (DIN - Longer),1,9,80,$8.40,$9.60,$11.60,,
KL11129,A-type Spear for 20L Keg (H 536mm),1,9,80,$8.40,$9.60,$11.60,,
KL11136,D-type Spear for 20L Keg (H 529mm),1,9,80,$8.40,$9.60,$11.60,,
KL00284,Series 4 - Replacement Thermistor Probe,,10,100,$0.37,$0.42,$0.51,,
KL00444,ABS Single Tap Plastic Font Only(Discontinued),10,10,200,$5.83,$6.52,$7.67,,
KL00451,ABS Double Tap Plastic Font Only(Discontinued),10,10,200,$5.83,$6.52,$7.67,,
KL00468,ABS Triple Tap Plastic Font Only(Discontinued),10,10,200,$5.83,$6.52,$7.67,,
KL00536,Single Tap Brushed Stainless Font Kit (With Intertap PC),9,10,63,$23.99,$27.42,$33.13,,
KL00543,Double Tap Brushed Stainless Font Kit (With Intertap PC),9,10,63,$34.13,$39.00,$47.13,,
KL00550,Triple Tap Brushed Stainless Font Kit (With Intertap PC),9,10,63,$44.52,$50.88,$61.48,,
KL00567,Single Tap Brushed Stainless Font Kit (With Intertap SS),9,10,63,$29.98,$34.26,$41.40,,
KL00574,Double Tap Brushed Stainless Font Kit (With Intertap SS),9,10,63,$46.10,$52.68,$63.66,,
KL00581,Triple Tap Brushed Stainless Font Kit (With Intertap SS),9,10,63,$62.48,$71.40,$86.28,,
KL00598,Single Tap Brushed Stainless Font Kit (With Intertap FC),9,10,63,$35.86,$40.98,$49.52,,
KL00604,Double Tap Brushed Stainless Font Kit (With Intertap FC),9,10,63,$57.86,$66.12,$79.90,,
KL00611,Triple Tap Brushed Stainless Font Kit (With Intertap FC),9,10,63,$80.12,$91.56,$110.64,,
KL01151,Flow Control Shank Adaptor,,10,100,$5.46,$6.24,$7.54,,
KL01229,Bottle Filler Beer Gun,20,10,100,$15.70,$17.80,$21.30,,
KL01243,Stainless Tee Type Counter Pressure Bottle Filler,1,10,100,$22.37,$25.56,$30.89,,
KL01250,S.S False Bottom 30cm (-1 x Stainless elbow bend 1/2 BSP - 2 x Stainless nut 1/2 BSP),10,10,100,$8.19,$9.36,$11.31,,
KL01410,60cm Counter Top Drip Tray,10,10,200,$18.90,$21.60,$26.10,,
KL01434,Glass washing drip tray 46*18cm,20,10,40,$67.20,$76.80,$92.80,,
KL01441,2.5lb (1.13kg) Aluminium Cylinder Approved to DOT American Standards,1,10,300,$27.83,$31.80,$38.43,,
KL01458,5.0lb (2.27kg) Aluminium Cylinder Approved to DOT American Standards,1,10,600,$35.18,$40.20,$48.58,,
KL01465,10.0lb (4.53kg)Aluminium Cylinder Approved to DOT American Standards,1,10,300,$49.88,$57.00,$68.88,,
KL01472,20.0lb (9.07kg) Aluminium Cylinder Approved to DOT American Standards,1,10,300,$75.08,$85.80,$103.68,,
KL01816,1.5 Inch Tri Clover - Sight Glass,10,10,200,$12.60,$14.40,$17.40,,
KL01823,1.5 Inch Tri Clover - Pressure and Vacuum Relief Valve,20,10,100,$38.85,$44.40,$53.65,,
KL01830,1.5 Inch Tri Clover with 13 Barb,100,10,300,$1.94,$2.22,$2.68,,
KL01847,1.5 Inch Tri Clover with 1/2 BSP Male,100,10,300,$2.10,$2.40,$2.90,,
KL01861,1.5 Inch Tri Clover silicone beaded seal,100,10,"3,000",$0.11,$0.12,$0.15,,
KL01984,14Meter S. S Immersion Chiller,2,10,200,$26.67,$30.48,$36.83,,
KL02028,16m Stainless Steel Cooling Coil,2,10,100,$35.70,$40.80,$49.30,,
KL02035,Wort Heat Exchanger - Counterflow Chiller G2 with updated pipe,1,10,100,$25.10,$28.68,$34.66,,
KL02837,Screw in Keg Cap,1,10,200,$4.41,$5.04,$6.09,,
KL02844,58 Litre Stainless Keggle,1,10,50,$73.40,$83.60,$100.60,,
KL02851,S.S Lid for 58L Keggle,,10,200,$1.05,$1.20,$1.45,,
KL02875,9.5L Ball Lock Keg with rubber base+SS handle NSF,1,10,175,$42.00,$48.00,$58.00,,
KL02882,9.5L Ball Lock Keg with rubber base and handle NSF,1,10,175,$42.00,$48.00,$58.00,,
KL02899,19L Ball Lock Keg with rubber base and handle NSF,1,10,210,$44.10,$50.40,$60.90,,
KL02905,19L Ball Lock Keg Second Hand (order from Australia),1,10,210,$22.05,$25.20,$30.45,,
KL03117,Ball Lock Seal Kit,,10,"1,000",$0.68,$0.78,$0.94,,
KL03162,Ball Lock Post with 1/4inch bulkhead assembly,100,10,300,$3.36,$3.84,$4.64,,
KL03179,Ball Lock Post with 1/4inch bulkhead assembly,100,10,300,$3.36,$3.84,$4.64,,
KL03193,Keg Charger Kit + Cartridge NEW MODEL (Aluminium Head with Button) (Discontinued),,10,100,$9.03,$10.32,$12.47,,
KL03247,MFL Tap Shank Adaptor - Stainless Steel,,10,400,$2.00,$2.28,$2.76,,
KL03322,2Inch Tri-Clover Clamp,100,10,300,$1.47,$1.68,$2.03,,
KL03339,Modular 2inch Tri-Clover Font 2inch Tri Clover stand Pipe,100,10,100,$12.08,$13.80,$16.68,,
KL03346,Modular 2inch Tri-Clover Font 5 plus 2 Stainless Support Plate,,10,50,$4.83,$5.52,$6.67,,
KL03353,Modular 2inch Tri-Clover Font 5 plus 2 Flooding Gasket,,10,100,$1.00,$1.14,$1.38,,
KL03360,Modular 2inch Tri-Clover Font 2inch Tri Clover Tee Extension - 3/4 Female,,10,50,$16.17,$18.48,$22.33,,
KL03377,Modular 2inch Tri-Clover Font 2inch Tri Clover Straight Extension - 3/4 Female,30,10,60,$11.03,$12.60,$15.23,,
KL03384,2inch Tri Clover Equal Tee,30,10,60,$7.04,$8.04,$9.72,,
KL03391,2inch Tri Clover 90 Degree Elbow,,10,50,$4.62,$5.28,$6.38,,
KL03407,2inch Tri Clover End Cap,,10,100,$0.89,$1.02,$1.23,,
KL03414,2inch Tri Clover End Cap with 20.5mm Hole,,10,100,$1.79,$2.04,$2.47,,
KL03421,2inch Tri Clover End Cap with 32mm Hole,,10,100,$1.79,$2.04,$2.47,,
KL03537,RIMS Heat Stick Heat Exchanger Housing,10,10,100,$23.05,$26.20,$31.45,,
KL03841,High Temperature Magnetic Drive Pump 25watts (220-240v),10,10,100,$25.20,$28.80,$34.80,,15
KL03865,Stainless steel pump head with for 6806(25watts),10,10,200,$8.35,$9.40,$11.15,,
KL03872,Stainless steel pump head for 0590(65watts),,10,100,$12.55,$14.20,$16.95,,
KL04077,Adjustable Magnetic Stirrer Machine (Discontinued),100,10,100,$22.05,$25.20,$30.45,,
KL04299,Growler Drafto Kit,90,10,360,$5.20,$5.80,$6.80,,
KL04329,CIP Spinning Spray Ball (POM/Acetyl) (Discontinued),,10,200,$11.87,$13.56,$16.39,,
KL04589,4inch Tri Clover End Cap,,10,100,$2.31,$2.64,$3.19,,
KL04596,4inch Tri Clover Clamp,,10,100,$2.84,$3.24,$3.92,,
KL04602,4inch Tri Clover EPDM Beaded Seal,,10,100,$0.37,$0.42,$0.51,,
KL04619,Vortex Cleaner/Aerator-Discontinued,,10,200,$7.56,$8.64,$10.44,,
KL04763,65L Brewzilla with Pump - (2000w+1000w+500w) 220-240V AC,1,10,100,$272.75,$311.00,$374.75,,
KL04770,65L Brewzilla with Pump - (1000w+600w) 110-120V AC,1,10,100,,,,,
KL04817,Replacement Malt Pipe for Brewzilla 35L with Pump,,10,200,$10.50,$12.00,$14.50,,
KL04824,silicone Sparge Arm Seal for Brewzilla 35L with Pump,,10,200,$0.47,$0.54,$0.65,,
KL04862,Sausage Stuffer,,10,100,$68.25,$78.00,$94.25,,
KL04893,Aquarium Regulator with Magnetic Solenoid Valve Regulator 240v (Discontinued),,10,100,$28.35,$32.40,$39.15,,
KL04909,Meat Smoker (Discontinued),,10,100,$96.60,$110.40,$133.40,,
KL05470,High Temperature Magnetic Drive Pump 25watts (110-120v),10,10,100,$25.20,$28.80,$34.80,,
KL05517,Brewzilla 35L - Bottom Screen for Malt Pipe,,10,40,$6.09,$6.96,$8.41,,
KL05524,Brewzilla 35L - Top Screen for Malt pipe,,10,40,$4.83,$5.52,$6.67,,
KL05531,Brewzilla 35L - Boiler False Bottom (pump filter),,10,40,$7.25,$8.28,$10.01,,
KL05548,Brewzilla 35L - Malt Pipe Handle,,10,40,$1.58,$1.80,$2.18,,
KL05807,Gen 3 Brewzilla without Pump 1900/500w - 220-240V AC,1,10,100,$153.20,$174.80,$210.80,,
KL05814,Gen 3 Brewzilla without Pump 1000/500w - 110-120V AC,1,10,100,$142.70,$162.80,$196.30,,
KL05821,Gen 3.1 Brewzilla with Pump 1900/500w - 220-240V AC,1,10,100,$182.60,$208.40,$251.40,,
KL05838,Gen 3 Brewzilla with Pump 1000/500w - 110-120V AC,1,10,100,$172.10,$196.40,$236.90,,
KL05890,"4 inch Tri-clover Kegmenter Lid with Ball Lock Posts, Floating Dip tube and PRV (Red 2.5Bar)",,10,50,$14.49,$16.56,$20.01,,
KL05913,Brewzilla 35L - Threaded Rod For Malt Pipe,,10,40,$0.95,$1.08,$1.31,,
KL05920,Brewzilla 35L - Extension Rod for Malt Pipe,,10,40,$1.16,$1.32,$1.60,,
KL05937,Brewzilla 35L - Recirculation arm with camlok,,10,40,$5.78,$6.60,$7.98,,
KL05944,Brewzilla 35L - Stainless Cone,,10,40,$1.89,$2.16,$2.61,,
KL05951,Brewzilla 35L - Glass Lid (without handle),,10,40,$2.73,$3.12,$3.77,,
KL05968,Brewzilla 35L - Replacement Rocker Switch,,10,40,$0.64,$0.73,$0.88,,
KL05975,Replacement Cap For Stainless Font,,10,100,$1.79,$2.04,$2.47,,
KL05982,Replacement Dust Cover for Stainless Font,100,10,100,$2.31,$2.64,$3.19,,
KL06132,Brewzilla 35L - Bottom Fine mesh screen,,10,40,$0.84,$0.96,$1.16,,
KL06156,4inch to 2inch Concentric Reducer for Kegmenter - Still Attachment,,10,100,$14.70,$16.80,$20.30,,
KL06163,4inch Tri Clover End Cap with 21mm Hole,,10,100,$2.84,$3.24,$3.92,,
KL06262,Replacement Thermistor Temp Probe for Robobrew/BrewZilla/Digiboiler,,10,100,$1.47,$1.54,$1.65,,
KL06293,Brewzilla 35L - Right Angle Elbow Silicone Tube Elbow,,10,30,$0.47,$0.54,$0.65,,
KL06323,Brewzilla 35L - Thermal Cut Out Circuit Breaker 175C,,10,40,$0.47,$0.54,$0.65,,
KL07412,MKIII-Plate Heat Exchanger 315mm L x 73mm W x 51mm H (20plate),10,10,100,$33.50,$38.28,$46.26,,
KL09553,Brewzilla 65L- Wire Malt Pipe Support,,10,50,$2.00,$2.28,$2.76,,
KL09560,Brewzilla 65L- Malt Pipe,,10,50,$11.34,$12.96,$15.66,,
KL09577,Brewzilla 65L- False Bottom(Pump filter),,10,50,$9.35,$10.68,$12.91,,
KL09584,Brewzilla 65L-Top Screen,,10,50,$8.30,$9.48,$11.46,,
KL09591,Glass Lid for Robobrew/BrewZilla/Digiboiler 65L (No Hole),,10,50,$3.05,$3.48,$4.21,,
KL09607,Brewzilla 65L-Rrewzilla 65L - Bottom Screen for Malt Pipe,,10,50,$8.19,$9.36,$11.31,,
KL09614,Brewzilla 65L-Replacement SS Immersion Chiller,,10,50,$28.04,$32.04,$38.72,,
KL09638,Brewzilla 65L-Threaded Rod For Malt Pipe,,10,50,$1.37,$1.56,$1.89,,
KL09645,Brewzilla 65L-Extension Rod for Malt Pipe,,10,50,$1.58,$1.80,$2.18,,
KL09652,Brewzilla 65L - Thermal Cut Out Circuit Breaker 175C,,10,50,$0.74,$0.84,$1.02,,
KL09669,Brewzilla 65L-Glass Lid (without handle),,10,50,$3.05,$3.48,$4.21,,
KL09676,Brewzilla 65L-Recirculation arm with camlok,,10,50,$5.78,$6.60,$7.98,,
KL09683,Brewzilla 65L-Malt Pipe Handle,,10,50,$1.47,$1.68,$2.03,,
KL10559,Brewzilla35L - Wire Malt Pipe Support,,10,40,$1.89,$2.16,$2.61,,
KL10627,1.5inch Tri-Clover Tee,50,10,50,$5.67,$6.48,$7.83,,
KL10634,1.5inch Tri-Clover Elbow,50,10,50,$3.47,$3.96,$4.79,,
KL10641,2inch Tri Clover to 3/4 female,,10,50,$3.89,$4.44,$5.37,,
KL10665,2inch extension tube,,10,50,$8.82,$10.08,$12.18,,
KL10962,Distillation Lid for Robobrew/BrewZilla/Digiboiler 65L (47mm Hole),,10,50,$11.45,$13.08,$15.81,,
KL10977,MKIII-Plate Heat Exchanger 315mm L x 73mm W x 73mm H (30 plate),10,10,100,$51.45,$58.80,$71.05,,
KL10979,2inch Tri Clover Bulkhead,,10,50,$8.30,$9.48,$11.46,,
KL10986,2inch to 1.5inch Concentric Reducing Cone,,10,50,$4.73,$5.40,$6.53,,
KL11082,19L Wash Out Line Cleaning Keg with 2 spears,1,10,50,$69.30,$79.20,$95.70,,
KL11099,15L Wash Out Line Cleaning Keg with 2 spears,1,10,50,$67.62,$77.28,$93.38,,
KL11105,10L Wash Out Line Cleaning Keg with 2 spears,1,10,50,$65.31,$74.64,$90.19,,
KL11112,2Inch Tri Clover - Sight Glass,10,10,50,$12.39,$14.16,$17.11,,
KL11921,2inch Tri-Clover Stainless Mesh Screen PTFE (Teflon),100,10,100,$2.73,$3.12,$3.77,,
KL12379,Single Tap Brushed Stainless Font Kit (With Intertap SS+01137+07481 DUOTIGHT),9,10,63,$30.21,$34.52,$41.72,,
KL12386,Double Tap Brushed Stainless Font Kit (With Intertap SS+01137+07481 DUOTIGHT),9,10,63,$46.56,$53.21,$64.29,,
KL12393,Triple Tap Brushed Stainless Font Kit (With Intertap SS+01137+07481 DUOTIGHT),9,10,63,$63.17,$72.19,$87.23,,
KL12409,Single Tap Brushed Stainless Font Kit (With Intertap FC+01137+07481 DUOTIGHT),9,10,63,$36.09,$41.24,$49.84,,
KL12416,Double Tap Brushed Stainless Font Kit (With Intertap FC+01137+07481 DUOTIGHT),9,10,63,$58.32,$66.65,$80.53,,
KL12423,Triple Tap Brushed Stainless Font Kit (With Intertap FC+01137+07481 DUOTIGHT),9,10,63,$80.81,$92.35,$111.59,,
KL13116,2inch DN50 - 304 Stainless Pipe Bracket Hanger Clamp,,10,100,$2.94,$3.36,$4.06,,
KL13130,65L Stainless Lid for BrewZilla / DigiBoil (No Hole),,10,40,$11.45,$13.08,$15.81,,
KL13208,Cannular Standard Chuck - B64 Lids,,10,30,$11.65,$13.00,$15.25,,
KL13215,Cannular 1st Op Roller-G2,,10,30,$13.45,$14.80,$17.05,,
KL13222,Cannular 2st Op Roller-G2,,10,30,$13.45,$14.80,$17.05,,
KL13406,Replacement Kit for AlcoEngine Reflux Still,,10,40,$3.26,$3.72,$4.50,,
KL13536,Replacement Pump Head for Magnetic Drive Pump 25watts,10,10,40,$10.50,$12.00,$14.50,,
KL13543,Replacement Pump Head for Magnetic Drive Pump 6watts,10,10,40,$8.93,$10.20,$12.33,,
KL14069,Precision hydrometer set,50,10,50,$22.05,$25.20,$30.45,,
KL14106,Digiboil 35L & 65L - Circuit board,,10,50,$6.09,$6.96,$8.41,,
KL14236,Brewzilla 35L - Bottom Screen for Malt Pipe (no overflow hole),,10,40,$5.99,$6.84,$8.27,,
KL14243,Brewzilla 65L - Bottom Screen for Malt Pipe (no overflow hole),,10,50,$9.24,$10.56,$12.76,,
KL14274,Brewzilla35L - Base with Rubber feet,,10,40,$3.57,$4.08,$4.93,,
KL14281,Brewzilla65L - Base with Rubber feet,,10,30,$5.04,$5.76,$6.96,,
KL14670,"Cannular Visy Chuck - Suits 202 CDLE ends (may also fit the B34, B17, 22A)",,10,30,$11.70,$13.20,$15.70,,
KL14953,2inch tri-clover Butterfly Valve,,10,100,$13.65,$15.60,$18.85,,
KL15264,Silicone Gasket for Distillation Lid for BrewZilla/Digiboiler 65L,,10,100,$1.95,$2.08,$2.31,,
KL15899,Distillation Copper Dome Lid for Robobrew/BrewZilla/Digiboiler 35L (47mm Hole),,10,50,$35.91,$41.04,$49.59,,
KL16049,G20 - Glycol Chiller (with 2 x integrated pumps) 220v-240v,,10,30,$260.40,$297.60,$359.60,,
KL17107,Series X - Replacement Thermistor Probe,,10,100,$0.37,$0.42,$0.51,,
KL17237,G20 - Glycol Chiller (with 2 x integrated pumps) 110v-120v,,10,30,$260.40,$297.60,$359.60,,
KL17695,DC Transformer Cover including 2 x cable gland (suit for KL10856),,10,50,$4.25,$4.86,$5.87,,
KL02134,Dual Pressure MKIII Regulator - Type 30 & PRV 80PSI,4,12,120,$30.45,$34.80,$42.05,,
KL02141,Dual Pressure MKIII Regulator - CGA320,4,12,120,$30.45,$34.80,$42.05,,
KL03834,High Temperature Magnetic Drive Pump 6watts (220-240v),4,12,200,$22.05,$25.20,$30.45,,
KL03858,High Temperature Magnetic Drive Pump 65watts with S.S Pump Head (220-240v),6,12,100,$67.20,$76.80,$92.80,,
KL04282,The Vacuum Insulated Growler - 2Litre,12,12,300,$8.72,$9.96,$12.04,,
KL04640,AlcoEngine - Copper reflux Still with hose connectors,12,12,48,$48.05,$54.20,$64.45,,12
KL05463,High Temperature Magnetic Drive Pump 6watts (110-120v),4,12,200,$22.05,$25.20,$30.45,,
KL05487,High Temperature Magnetic Drive Pump 65watts with S.S Pump Head (110-120v),4,12,100,$67.20,$76.80,$92.80,,
KL10870,Dual Pressure MK4 Regulator - Type 30,4,12,120,$28.35,$32.40,$39.15,,
KL15912,"Submersible Pump 2000L/H, 3.2m Head - AU Plug",12,12,48,$9.14,$10.44,$12.62,,
KL15929,"Submersible Pump 2000L/H, 3.2m Head - Euro Plug",12,12,48,$9.14,$10.44,$12.62,,
KL15936,"Submersible Pump 2000L/H, 3.2m Head - US Plug",12,12,48,$9.14,$10.44,$12.62,,
KL16162,AlcoEngine - Copper reflux Still with 13mm Barb Tails,12,12,48,$48.05,$54.20,$64.45,,
KL02592,"Gas Line Manifold Splitter 6 ways (1/4inch, 6mm Barb)",15,15,195,$11.76,$13.44,$16.24,,
KL02646,Gas Line Manifold Splitter 6 ways (MFL Thread),15,15,195,$12.71,$14.52,$17.55,,
KL02691,"Gas Line Manifold Splitter 6 ways (5/16inch, 8mm Barb)",15,15,195,$11.76,$13.44,$16.24,,
KL04701,Cast Aluminum Cold Plate,,15,250,$54.50,$62.00,$74.50,,
KL04633,AlcoEngine - Copper Pot Still with hose connectors,8,16,48,$48.05,$54.20,$64.45,,
KL16155,AlcoEngine - Copper Pot Still with 13mm Barb Tails,8,16,48,$48.05,$54.20,$64.45,,
KL00390,Low Profile Elbow Bend (304 Stainless),18,18,90,$2.05,$2.34,$2.83,,
KL00413,Single Tap Brushed Stainless Font Only,9,18,63,$12.86,$14.70,$17.76,,
KL00420,Double Tap Brushed Stainless Font Only,9,18,63,$13.02,$14.88,$17.98,,
KL00437,Triple Tap Brushed Stainless Font Only,9,18,63,$13.13,$15.00,$18.13,,
KL00475,Single Tap Brushed Stainless Font Kit with SS Duotigh Shot shank and Black handle (Without Tap),9,18,63,$19.30,$22.06,$26.65,,
KL00482,Double Tap Brushed Stainless Font Kit with SS Duotigh Shot shank and Black handle (Without Tap),9,18,63,$24.72,$28.25,$34.13,,
KL00499,Triple Tap Brushed Stainless Font Kit with SS Duotigh Shot shank and Black handle (Without Tap),9,18,63,$30.41,$34.75,$41.99,,
KL00802,FOAM ON BEER DETECTORS (FOBS),18,18,36,$36.28,$41.32,$49.72,,
KL02769,Brand New 50L Keg EURO Type (no spear),1,18,108,$53.55,$61.20,$73.95,,
KL08655,Brand New 58L Keg (no spear),1,18,108,$69.30,$79.20,$95.70,,
KL08884,Grand Deluxe 3 Kegerator 17.5 (Including Glass Door) -,1,18,48,$763.35,$872.40,"$1,054.15",,
KL08891,Grand Deluxe 3 Kegerator 22.9 (Including Glass Door) - 20 Kegs,1,18,36,$892.50,"$1,020.00","$1,232.50",,
KL09485,Brand New 50L Keg Din Type (no spear),1,18,108,$53.55,$61.20,$73.95,,
KL15714,Quadruple Tap stainless Font Only-G2,6,18,60,$18.06,$20.64,$24.94,,
KL15745,Quadruple Tap stainless Font Kit with SS Duotigh Short shanks and Black handles(Without Tap)-G2,6,18,60,$41.32,$47.16,$56.91,,
KL00338,A-Type Keg Coupler Nicle Coated Alloy,20,20,100,$14.60,$16.68,$20.16,,
KL00345,A-Type Keg Coupler S.S,20,20,100,$16.59,$18.96,$22.91,,
KL00352,D-Type Keg Coupler Nicle Coated Alloy,20,20,100,$10.08,$11.52,$13.92,,
KL00383,S-Type Keg Coupler S.S,20,20,100,$14.70,$16.80,$20.30,,
KL00406,5/8 Stainless Ball Valve (Female x Male) for Keg Couplers,10/100,20,300,$6.17,$6.98,$8.33,,
KL00949,Pluto Beer Gun S.S,35,20,200,$16.38,$18.72,$22.62,,
KL00956,Stainless / Nylon Composite Pluto Gun,80,20,560,$2.73,$3.12,$3.77,,
KL00970,Intertap SS (Stainless Steel),54,20,216,$10.92,$12.48,$15.08,,
KL00987,Intertap PC (Chrome Plated Brass),54,20,216,$6.41,$7.32,$8.85,,
KL00994,Intertap Self Closing Tap spring 62mm x Œ¶1.5mm,500,20,500,$0.15,$0.17,$0.20,,
KL01007,Intertap - FC,56,20,224,$17.30,$19.70,$23.70,,22
KL01014,Intertap - FCGP,56,20,224,$18.85,$21.40,$25.65,,
KL01021,Stout Spout (Intertap),400,20,400,$2.89,$3.16,$3.61,,
KL01038,Growler Spout with Threaded (Intertap),500,20,500,$1.84,$1.96,$2.16,,
KL01045,Growler Spout with Push in type with O-rings (Intertap),,20,400,$1.18,$1.28,$1.44,,
KL01052,Liquid Ball Lock Spout,,20,400,$2.65,$2.96,$3.47,,
KL01069,Standard SS Spout 30mm x 10mm ID,,20,400,$1.29,$1.40,$1.59,,
KL01076,Short Shank - Chrome Plated Brass,120,20,360,$2.31,$2.64,$3.19,,
KL01083,100mm Long Shank - Chrome Plated Brass,50,20,200,$6.20,$7.08,$8.56,,
KL01090,"Short Shank - Stainless Steel ÔºàBarb Tail, with 5/8 Hex Nut Ôºâ",200,20,200,$3.78,$4.32,$5.22,,
KL01106,Short Shank - Stainless Steel without barb tail and Angle Collar,200,20,200,$3.15,$3.60,$4.35,,
KL01113,"100mm Long Shank - Stainless SteelÔºàBarb Tail, with 5/8 Hex Nut & EPDM WasherÔºâ",40,20,120,$8.82,$10.08,$12.18,,
KL01120,"150mm Long Shank - Stainless Steel ÔºàBarb Tail, with 5/8 Hex Nut & EPDM WasherÔºâ",40,20,120,$12.81,$14.64,$17.69,,
KL01168,Seal Kit For Intertap SS&PC - 8022 & 8039,,20,200,$0.36,$0.41,$0.49,,
KL01175,Seal Kit For Intertap FC - 8473,,20,100,$0.50,$0.58,$0.70,,
KL01182,Replacement Leaver for Intertap FC - 8473,,20,100,$1.00,$1.14,$1.38,,
KL01236,Replacement silicone Tip,,20,400,$0.42,$0.48,$0.58,,
KL01342,High Pressure LPG Regulator with Needle Valve,,20,200,$9.56,$10.92,$13.20,,
KL01373,Chrome Plated Brass Tap Handle,,20,"1,000",$1.23,$1.40,$1.70,,
KL01403,30cm Counter Top Drip Tray,20,20,200,$10.50,$12.00,$14.50,,
KL01427,30cm Wrap Around Drip Tray Stainless,20,20,200,$10.40,$11.88,$14.36,,
KL01489,2.6kg CO2 Gas Cylinders,1,20,500,$29.40,$33.60,$40.60,,
KL01496,6.0kg CO2 Gas Cylinders,1,20,500,$37.80,$43.20,$52.20,,
KL01519,Disposable Gas Cylinder - 1.43L - 858grams - CO2,200,20,200,$12.60,$14.40,$17.40,,
KL01526,Disposable Gas Cylinder - 1.43L - 110Bar Argon,,20,300,$12.60,$14.40,$17.40,,
KL01533,Disposable Gas Cylinder - 1.43L - 110Bar Nitrogen,,20,300,$12.60,$14.40,$17.40,,
KL01540,Disposable Gas Cylinder - 1.43L - 110Bar Oxygen,,20,300,$12.60,$14.40,$17.40,,
KL01595,Airlock - 3 Piece PP,200,20,"1,000",$0.50,$0.58,$0.70,,
KL01601,Airlock - S shape,200,20,"1,000",$0.36,$0.41,$0.49,,
KL01618,Strip Stick On Thermometer,200,20,"1,000",$0.21,$0.24,$0.29,,
KL01625,Rubber Grommet,2000,20,"6,000",$0.05,$0.06,$0.07,,
KL01632,Fermenter Tap - Adjustable spout with bulkhead,300,20,"1,800",$0.53,$0.60,$0.73,,
KL01854,1.5 Inch Tri Clover Flate plate End Cap,100,20,600,$0.63,$0.72,$0.87,,
KL01878,1.5inch tri-clover clamp,100,20,300,$1.31,$1.50,$1.81,,
KL01908,Stainless 100mm Weldless Thermowell,70,20,70,$9.98,$11.40,$13.78,,
KL01915,Bi-Metal 3‚Äù Dial Weldless Thermometer (Long),50,20,200,$8.51,$9.72,$11.75,,
KL01922,Bi-Metal 3‚Äù Dial Weldless Thermometer(short),100,20,200,$8.51,$9.72,$11.75,,
KL01946,MKII Temperature Controller,30,20,300,$21.00,$24.00,$29.00,,
KL02066,0.5 Micron S.S Diffusion Stone - Barb,500,20,500,$2.52,$2.88,$3.48,,
KL02073,2 Micron S.S Diffusion Stone - Barb,500,20,500,$2.52,$2.88,$3.48,,
KL02080,2 Micron S.S Diffusion Stone - MFL Thread,500,20,500,$3.15,$3.60,$4.35,,
KL02097,2 Micron Oxygenation/Aeration Wand Kit,,20,400,$7.30,$8.20,$9.70,,
KL02158,Inert Gas Regulator for Disposable Cylinder - M10 Thread,,20,200,$11.55,$13.20,$15.95,,
KL02165,Oxygen Regulator for Disposable Cylinder - M12 Thread,,20,200,$11.55,$13.20,$15.95,,
KL02196,006448 - (type 10 - nut & stem),,20,350,$2.94,$3.36,$4.06,,
KL02202,006042 - (type 30 - nut & stem),,20,350,$2.94,$3.36,$4.06,,
KL02219,006455 - (type 50 - nut & stem),,20,350,$2.94,$3.36,$4.06,,
KL02226,Replacement 0-3000psi Gauge,,20,500,$1.79,$2.04,$2.47,,
KL02233,Replacement 0-100psi Gauge,,20,500,$1.79,$2.04,$2.47,,
KL02240,Add-On CO2 Regulator Adapter,200,20,200,$3.15,$3.60,$4.35,,
KL02318,5mm ID x 8mm OD - 30m Roll Clear Vinyl Tube (Discontinued),,20,200,$5.25,$6.00,$7.25,,
KL02332,10mm ID x 14mm OD - 30m Roll Clear Vinyl Tube (Discontinued),,20,200,$11.13,$12.72,$15.37,,
KL02356,13mm ID x 17mm OD - 30m Roll Clear Vinyl Tube (Discontinued),,20,200,$14.18,$16.20,$19.58,,
KL02417,8mm (5/16) Push in Ball Valve,,20,500,$2.63,$3.00,$3.63,,
KL02462,8mm (5/16) Push in Plug (Discontinued),,20,400,$0.11,$0.12,$0.15,,
KL02585,"Gas Line Manifold Splitter 5 ways (1/4inch, 6mm Barb)",20,20,200,$9.56,$10.92,$13.20,,
KL02639,Gas Line Manifold Splitter 5 ways (MFL Thread),20,20,200,$10.29,$11.76,$14.21,,
KL02684,"Gas Line Manifold Splitter 5 ways (5/16inch, 8mm Barb)",20,20,200,$9.56,$10.92,$13.20,,
KL02981,Cast Stainless Gas Ball Lock Disconnect Barb,100,20,300,$4.20,$4.80,$5.80,,
KL02998,Cast Stainless Liquid Ball Lock Disconnect Barb,100,20,300,$4.20,$4.80,$5.80,,
KL03001,Cast Stainless Gas Lock Disconnect MFL Thread,100,20,300,$4.20,$4.80,$5.80,,
KL03018,Cast Stainless Liquid Ball Lock Disconnect MFL Thread,100,20,300,$4.20,$4.80,$5.80,,
KL03186,Keg Charger Kit + Cartridge (Discontinued),,20,"1,000",$4.20,$4.80,$5.80,,
KL03209,100mm 5/8 All Thread Shank (with Black Plastic Collar and 5/8 nut),,20,100,$6.09,$6.96,$8.41,,
KL03438,2inch Tri Clover silicone Beaded Seal,,20,100,$0.11,$0.12,$0.15,,
KL03735,silicone Oring for 1/2 BSP 20mm(ID)x2.5mm (BS117),,20,500,$0.07,$0.08,$0.09,,
KL03742,Polycarbonate Sight Glass - 2 Piece Set,,20,300,$2.00,$2.28,$2.76,,
KL03797,Stainless Steel Mash Paddle (76cm) (Heavy Duty),20,20,100,$13.76,$15.72,$19.00,,
KL03810,Stainless Steel Mash Paddle (61cm) (Light Duty),120,20,360,$1.58,$1.80,$2.18,,
KL03827,Spoon-Extra Long (60cm),200,20,600,$0.58,$0.66,$0.80,,
KL04008,Borosilicate Erlenmyer Conical Flasks 5000ml,4,20,200,$9.24,$10.56,$12.76,,
KL04084,Tipped (TCT) Hole Saws 20MM (Discontinued),10,20,500,$1.73,$1.98,$2.39,,
KL04091,Tipped (TCT) Hole Saws 22MM (Discontinued),10,20,500,$1.94,$2.22,$2.68,,
KL04107,Tipped (TCT) Hole Saws 32MM (Discontinued),10,20,500,$2.73,$3.12,$3.77,,
KL04305,Alcometer (0-100%),200,20,800,$1.26,$1.44,$1.74,,
KL04312,Hydrometer (3 Scale),200,20,800,$1.26,$1.44,$1.74,,
KL04473,TypeD Cam Lock Female x1/2 Female,100,20,600,$2.21,$2.52,$3.05,,
KL04480,TypeB Cam Lock Female X 1/2 Male,100,20,600,$2.21,$2.52,$3.05,,
KL04497,TypeC Cam Lock Female X 13mm Barb,100,20,600,$2.21,$2.52,$3.05,,
KL04503,TypeA Cam Lock Male X 1/2 Female,100,20,600,$1.00,$1.14,$1.38,,
KL04510,TypeF Cam Lock Male X 1/2 Male,100,20,600,$1.31,$1.50,$1.81,,
KL04527,TypeE Cam Lock Male X 13mm Barb,100,20,600,$1.31,$1.50,$1.81,,
KL04534,40cm Counter Sunk drip tray,20,20,200,$12.60,$14.40,$17.40,,
KL04626,1/2 -5/8 adaptor S.S,,20,500,$1.16,$1.32,$1.60,,
KL04916,K-Lok KingLok Female x 5/8 Female,,20,100,$7.35,$8.40,$10.15,,
KL04923,K-Lok KingLok Male x 5/8 Male (Check Valve - Gas),,20,80,$4.73,$5.40,$6.53,,
KL04930,K-Lok KingLok Male x 5/8 Male (Check Valve - Liquid),,20,80,$6.41,$7.32,$8.85,,
KL04947,K-Lok KingLok Female x 3/4 Male (Tap Shank),,20,80,$7.35,$8.40,$10.15,,
KL04954,K-Lok KingLok Male x Tap Shank Adaptor,,20,80,$3.05,$3.48,$4.21,,
KL04961,5/8 Male x 19/32 Female (K-Lok KingLok to Corny Keg Adaptor),,20,80,$1.95,$2.08,$2.31,,
KL04978,K-Lok Kinglok Female x 5/8 Male + 8mm Push In (Flooded Font Adaptor),,20,80,$9.82,$11.08,$13.18,,
KL04985,O-ring 16.00mm x 1.50mm,,20,400,$0.05,$0.06,$0.07,,
KL04992,O-ring 9.19mm x 2.62mm,,20,400,$0.05,$0.06,$0.07,,
KL05005,O-ring 17.12mm x 2.62mm,,20,400,$0.08,$0.10,$0.12,,
KL05012,O-ring 18.64mm x 3.53mm,,20,400,$0.08,$0.10,$0.12,,
KL05029,O-ring 12.42mm x 1.78mm,,20,400,$0.08,$0.10,$0.12,,
KL05036,O-ring 18.72mm x 2.62mm,,20,400,$0.11,$0.12,$0.15,,
KL05043,Washer 24.2mm x H4.40mm x 12.40mm,,20,400,$0.11,$0.12,$0.15,,
KL05050,O-ring 17.72mm x 2.62mm,,20,400,$0.05,$0.06,$0.07,,
KL05067,O-ring 11.60mm x 1.80mm,,20,400,$0.05,$0.06,$0.07,,
KL05340,Leaver Bench Capper For Crown Seal Bottle Caps G2 Detachable,1,20,100,$10.50,$12.00,$14.50,,2.47
KL05388,T-Shirt - Grey Cotton Black Print (Small),,20,50,$7.56,$8.64,$10.44,,
KL05395,T-Shirt - Grey Cotton Black Print (Medium),,20,50,$7.56,$8.64,$10.44,,
KL05401,T-Shirt - Grey Cotton Black Print (Large),,20,50,$7.56,$8.64,$10.44,,
KL05418,T-Shirt - Grey Cotton Black Print (Extra Large),,20,50,$7.56,$8.64,$10.44,,
KL06040,A-Type Keg Coupler Nicle Coated Alloy (with Pressure Relief Valve),20,20,100,$16.38,$18.72,$22.62,,
KL06064,D-Type Keg Coupler Nicle Coated Alloy (with Pressure Relief Valve),20,20,100,$12.50,$14.28,$17.26,,
KL06088,S-Type Keg Coupler Nicle Coated Alloy (with Pressure Relief Valve) not available,20,20,100,$13.13,$15.00,$18.13,,
KL06330,Ball Lock Keg Repair Kit,1,20,200,$10.45,$11.94,$14.43,,
KL06774,Digital Pocket Probe Thermeometer,100,20,200,$1.89,$2.16,$2.61,,
KL06835,FermZilla - Conical - 27L - Starter Kit-with handle,1,20,180,$51.52,$57.88,$68.48,,5.7
KL06842,FermZilla - Conical - 55L - Starter Kit-with handle,1,20,180,$55.17,$61.98,$73.33,,
KL07122,(10 pack) Post O-ring,10,20,500,$0.53,$0.60,$0.73,,
KL07139,10 x Dip Tube O-ring,10,20,500,$0.53,$0.60,$0.73,,
KL07146,10 x Poppet and Spring (two piece),10,20,100,$3.78,$4.32,$5.22,,
KL07184,K-Lok Female x 5/8 Male (Font Adaptor),,20,80,$7.56,$8.64,$10.44,,
KL07245,DigiBoil 35L - 1600watt (1000w+500w)- Digital 110-120V,1,20,100,$60.90,$69.60,$84.10,,
KL07252,DigiBoil 35L - 2400watt (1900w+500w) Digital 220-240V,1,20,100,$60.90,$69.60,$84.10,,
KL07269,2inch Tri Clover silicone Flat Seal,,20,100,$0.11,$0.12,$0.15,,
KL07276,Replacement Regulator Diaphragm & Seat Assembly (MKIII),,20,200,$1.79,$2.04,$2.47,,
KL07313,DigiBoil 65L - 3500watt (2000w+1000w+500w) - Digital 220-240V,1,20,100,$98.70,$112.80,$136.30,,
KL07351,"3/8"" Thread Weldless Thermowell (takes 6.5mm Probe) 85mm long (suits KL11150)",,20,50,$5.15,$5.88,$7.11,,
KL07368,Gauge Guard S.S. for MK4 Regulator,20,20,100,$7.04,$8.04,$9.72,,
KL08747,SS Counter Flower tuber 6.5M 1/2' BSPT,1,20,100,$72.45,$82.80,$100.05,,
KL08839,S-Type Keg Coupler S.S (includes 2 x Duotight KL06903),20,20,100,$13.97,$15.96,$19.29,,
KL09034,Replacement RPV for CO2 Cylinder Valve,,20,300,$2.10,$2.40,$2.90,,
KL09515,Machined Stainless Gas Ball Lock Disconnect Barb,,20,300,$7.77,$8.88,$10.73,,
KL09522,Machined Stainless Liquid Ball Lock Disconnect Barb,,20,300,$7.77,$8.88,$10.73,,
KL09539,Machined Stainless Gas Lock Disconnect MFL Thread,,20,300,$7.77,$8.88,$10.73,,
KL09546,Machined Stainless Liquid Ball Lock Disconnect MFL Thread,,20,300,$7.77,$8.88,$10.73,,
KL10726,D-Type Keg Coupler S.S (with Pressure Relief Valve; 2 x Duotight KL06903),20,20,100,$15.65,$17.88,$21.61,,
KL10764,Stainless steel Helix Coil 1m with Tee(Wire OD: 1.5mm; OD: 18.5mm),20,20,100,$4.46,$5.10,$6.16,,
KL10917,EvaBarrier 4mm(5/32inch)ID x 8mm(5/16inch)OD (30 meter Length in Bag),,20,120,$8.14,$9.30,$11.24,,
KL10924,EvaBarrier 5mm(5/32inch)ID x 8mm(5/16inch)OD (30 meter Length in Bag),,20,120,$6.16,$7.04,$8.51,,
KL10931,EvaBarrier 6.3mm(1/4inch)ID x 9.5mm (3/8inch)OD (30 meter Length in Bag),,20,120,$11.03,$12.60,$15.23,,
KL11051,20L Keg with rubber base and handle (without Spear),1,20,100,$47.78,$54.60,$65.98,,
KL11068,15L Keg with rubber base and handle (without Spear),1,20,100,$45.26,$51.72,$62.50,,
KL11075,10L Keg with rubber base and handle (without Spear),1,20,100,$42.74,$48.84,$59.02,,
KL11327,FermZilla - Conical - 27L Tank - PET box packing,1,20,80,$9.95,$11.00,$12.75,,1.5
KL11334,FermZilla - Conical - 55L Tank - PET box packing,1,20,80,$13.98,$15.40,$17.78,,3
KL11341,FermZilla - Conical - 27L Tank - PEN - High Temp Resistant,1,20,80,,,,,
KL11358,FermZilla - Conical - 55L Tank - PEN - High Temp Resistant,1,20,80,,,,,
KL11419,FermZilla - Conical - Stainless Stand,,20,100,$10.61,$12.12,$14.65,,
KL11464,FermZilla - Butterfly Valve Assembly,,20,100,$14.76,$16.30,$18.86,,
KL11488,FermZilla - Conical - 27L Jacket,10,20,100,$13.08,$14.80,$17.68,,
KL11495,FermZilla - Conical - 55L Jacket,5,20,100,$13.50,$15.28,$18.26,,1.41
KL11501,FermZilla - Conical - 35L Jacket,10,20,100,$13.18,$14.92,$17.82,,1.08
KL11952,150mm Long Shank - Stainless Steel Ôºàduotight - 8mm (5/16) x 5/8inch FemaleÔºâ,,20,100,$12.50,$14.28,$17.26,,
KL12560,"JetKeg - KegPack - Party on your Back (Including 1.2m Beer line, Pluto Gun and Duotight Reducer)",20,20,200,$15.87,$17.99,$21.53,,
KL12621,Oak Barrel Sealing Wax( 40mm x40mm x 22mm),,20,200,$1.26,$1.44,$1.74,,
KL13000,63 Bottling Tree,1,20,100,$13.55,$15.48,$18.71,,
KL13062,Bottle Tree Washer,1,20,100,$5.25,$6.00,$7.25,,
KL13178,Punched Door Mount Drip Tray - 50cm x 17xcm x 1.5cm,,20,200,$13.03,$14.60,$17.23,,
KL13185,Oxygen flow meter Including duotight - 8mm (5/16) x FFL,,20,200,$6.85,$7.82,$9.45,,
KL13192,Cannular Tool wrench,,20,60,$1.00,$1.14,$1.38,,
KL13277,Cannular Table Spacer - Used for 500ml Cans,,20,40,$5.78,$6.60,$7.98,,
KL13284,Cannular Base locker,,20,40,$3.15,$3.60,$4.35,,
KL13307,Cannular M5 hexagon socket screw,,20,40,$0.05,$0.06,$0.07,,
KL13314,Cannular Red Ball Handle for seamer,,20,40,$0.21,$0.24,$0.29,,
KL13321,Cannular Seamer Handle,,20,40,$1.58,$1.80,$2.18,,
KL13338,Cannular Base Handle,,20,40,$3.89,$4.44,$5.37,,
KL13345,Cannular Turntable Base,,20,60,$8.30,$9.20,$10.70,,
KL13352,35L DigiMash-1600watt 110-120V (DigiBoil 35L+ 35L Digiboil mash upgrade kit),1,20,100,$84.84,$96.96,$117.16,,
KL13369,35L DigiMash-2400watt 220-240V (DigiBoil 35L+ 35L Digiboil mash upgrade kit),1,20,100,$84.84,$96.96,$117.16,,
KL13376,65L DigiMash 3500watt 220-240V (DigiBoil 65L+ 65L Digiboil mash upgrade kit),1,20,100,$126.62,$144.71,$174.86,,
KL13390,Faucet Jet Carboy and Beer Bottle Washer,,20,100,$4.41,$5.04,$6.09,,
KL13420,Feeler Gauge 17 Blade (0.05-1mm),,20,50,$0.88,$1.01,$1.22,,
KL13758,K-Lok Kinglok Female x Short Shank - Stainless Steel (6.5mm1/4'' Tail suits Duotight),,20,80,$9.66,$11.04,$13.34,,
KL14199,Brewzilla Whirlpool Arm - Suits 35L & 65L,,20,40,$5.12,$5.86,$7.08,,
KL14397,Oak barrel Stainless Tap,,20,60,$3.99,$4.56,$5.51,,
KL14533,Oak Barrel Plug,,20,50,$0.84,$0.96,$1.16,,
KL14731,FermZilla - Conical - 35L - Starter Kit-with handle,,20,180,$52.05,$58.48,$69.21,,
KL14748,FermZilla - Conical - 35L Tank - PET box packing,,20,80,$11.21,$12.44,$14.49,,2.2
KL14984,Mini gauge 27mm x 27mm x 8mm Radial Stem - 0-15psi,,20,200,$1.68,$1.92,$2.32,,
KL14991,Mini gauge 27mm x 27mm x 8mm Radial Stem - 0-30psi,,20,200,$1.47,$1.68,$2.03,,
KL15004,Mini gauge 27mm x 27mm x 8mm Radial Stem - 0-60psi,,20,200,$1.42,$1.62,$1.96,,
KL15011,Mini gauge 27mm x 27mm x 8mm Radial Stem - 0-150psi,,20,200,$1.37,$1.56,$1.89,,
KL15035,Duotight - Inline Regulator 0-60psi,,20,200,$3.68,$4.20,$5.08,,
KL15202,FermZilla - All Rounder Stainless Stand,,20,40,$4.70,$5.30,$6.30,,
KL15509,Nukatap - Stainless steel Tap ( Premium),54,20,216,$9.82,$11.22,$13.56,,
KL15516,Nukatap - Stainless steel Tap,54,20,216,$9.66,$11.04,$13.34,,
KL15530,Nukatap - Seal Kit (suits FC and non-FC),,20,200,$0.29,$0.34,$0.41,,
KL15547,Nukatap - Nuke Shuttle TPV,,20,216,$0.72,$0.75,$0.80,,
KL15646,Replacement Regulator Diaphragm and Seat Assembly (MKIV),,20,200,$1.79,$2.04,$2.47,,
KL15905,Bucket Blaster Including Ball Lock Disconnects and Tube,1,20,100,$26.78,$30.60,$36.98,,3.2
KL15974,"Insulating Neoprene Kegerator Tower Tube 76mm/3"" (1-3 Tap)",,20,100,$2.42,$2.76,$3.34,,
KL15998,"Insulating Neoprene Kegerator Tower Tube 115mm/4.5"" (4 Tap)",,20,100,$3.15,$3.60,$4.35,,
KL16001,"SIPHON Pump (12V, 3.5A,4.0LPM, 90psi) including Power supply(CE,UL,SAA)",,20,100,$14.10,$16.12,$19.47,,
KL16018,SIPHON Pump Hosing Kit,,20,100,,,,,
KL16179,26.5L Stainless Steel Brew Bucket,1,20,50,$88.73,$101.40,$122.53,,
KL16186,Replacement Lid for 26.5L Stainless Steel Brew Bucket including the seal,,20,40,$9.98,$11.40,$13.78,,
KL16308,T-Shirt - BLACK (SUPER SOFT) COLOUR PRINT (XXXX Large),,20,50,$7.56,$8.64,$10.44,,
KL16315,T-Shirt - BLACK (SUPER SOFT) COLOUR PRINT (XXX Large),,20,50,$7.56,$8.64,$10.44,,
KL16582,Cannular Compact Machine Replacement motor( 24v 250W 3300 R/Min),,20,40,$26.15,$29.88,$36.11,,
KL16834,Cannular Semi Auto Machine Replacement motor( 24v 350W 3300 R/Min),,20,40,$0.00,$0.00,$0.00,,
KL16896,Hoodies - M,,20,50,$13.07,$14.94,$18.05,,
KL16902,Hoodies - L,,20,50,$13.07,$14.94,$18.05,,
KL16919,Hoodies - XL,,20,50,$13.07,$14.94,$18.05,,
KL16926,Hoodies - XXL,,20,50,$13.07,$14.94,$18.05,,
KL16933,Hoodies - XXXL,,20,50,$13.07,$14.94,$18.05,,
KL16940,Hoodies - XXXXL,,20,50,$13.07,$14.94,$18.05,,
KL17008,Nukatap - Raw Stainless Cast,54,20,216,$8.82,$10.08,$12.18,,
KL02110,MKIII Dual Guage Multi Gas Regulator - Type 30 & PRV 80PSI (Discontinued),8,24,192,$15.75,$18.00,$21.75,,
KL02127,MKIII Dual Guage Multi Gas Regulator - CGA320 & PRV 80PSI (Discontinued),8,24,192,$15.75,$18.00,$21.75,,
KL03155,Adjustable Pressure Relief Valve with Gauge,24,24,240,$8.30,$9.48,$11.46,,
KL03506,2200 Watt Stainless Steel Heating Element (220-240V),24,24,240,$14.18,$16.20,$19.58,,18
KL03513,1600 Watt Stainless Steel Heating Element (110-120V),24,24,240,$15.18,$17.20,$20.58,,
KL06118,MKIII Dual Guage Multi Gas Regulator - Type 10 & PRV 80PSI (Discontinued),8,24,192,$16.80,$19.20,$23.20,,
KL06125,MKIII Dual Guage Multi Gas Regulator - Type 50 & PRV 80PSI (Discontinued),8,24,192,$16.80,$19.20,$23.20,,
KL07429,MK4 Regulator - Type 30 - CO2/N2 (6.5bar PRV & 100psi Gauge),8,24,192,$14.28,$16.32,$19.72,,
KL07436,"MK4 Regulator - Type 10 - O2, Ar, He (6.5bar PRV & 100psi Gauge)",8,24,192,$14.28,$16.32,$19.72,,
KL07443,MK4 Regulator - Type 50 - N2 (6.5bar PRV & 100psi Gauge),8,24,192,$14.28,$16.32,$19.72,,
KL07450,MK4 Regulator - CGA320 (6.5bar PRV & 100psi Gauge),8,24,192,$14.28,$16.32,$19.72,,
KL08877,Grand Deluxe 3 Kegerator 14.9 (Including Glass Door) - 12 Kegs,1,24,54,$665.70,$760.80,$919.30,,
KL01397,40cm Door Mounted Drip Trays,25,25,200,$15.75,$18.00,$21.75,,
KL01502,Replacement CO2 Cylinder Valve (with RPV) - Type 30,25,25,300,$8.93,$10.20,$12.33,,
KL02578,"Gas Line Manifold Splitter 4 ways (1/4inch, 6mm Barb)",25,25,200,$7.98,$9.12,$11.02,,
KL02622,Gas Line Manifold Splitter 4 ways (MFL Thread),25,25,200,$8.40,$9.60,$11.60,,
KL02677,"Gas Line Manifold Splitter 4 ways (5/16inch, 8mm Barb)",25,25,200,$7.98,$9.12,$11.02,,
KL04046,Measuring Cylinders 250ML,25,25,600,$2.37,$2.71,$3.28,,
KL14823,Distilling Parrot - Stainless Steel,,25,100,$22.79,$26.04,$31.47,,
KL00376,S-Type Keg Coupler Nicle Coated Alloy,30,30,90,$9.98,$11.40,$13.78,,
KL00727,"Double EVA Beer Line Set with clamps, 7 in 1 spanner and Duotight tee (for font kit) With Duotight Pushin",30,30,90,$3.68,$4.20,$5.08,,
KL00734,"Triple EVA Beer Line Set with clamps, 7 in 1 spanner and 2 x Duotight tee (for font kit) With Duotight Pushin",30,30,90,$5.25,$6.00,$7.25,,
KL01199,5 in 1 Faucet Spanner/Wrench,200/bag,30,400,$0.33,$0.37,$0.45,,
KL01335,High Pressure LPG Burner kit + Needle Valve + HP Regulator,1,30,300,$46.31,$52.92,$63.95,,
KL01564,"30L Pail Fermenter - With Airlock, Temp Stick, Tap",1,30,500,$6.83,$7.80,$9.43,,
KL01571,Replacement Lid for 30L Pail Fermenter-hole drilled with rubber grommet,1,30,800,$1.34,$1.54,$1.86,,
KL02561,"Gas Line Manifold Splitter 3 ways (1/4inch, 6mm Barb)",30,30,180,$6.62,$7.56,$9.14,,
KL02615,Gas Line Manifold Splitter 3 ways (MFL Thread),30,30,180,$7.04,$8.04,$9.72,,
KL02660,"Gas Line Manifold Splitter 3 ways (5/16inch, 8mm Barb)",30,30,180,$6.62,$7.56,$9.14,,
KL03681,"Ball Valve 1/2""ù BSP",100,30,400,$2.21,$2.52,$3.05,,
KL03889,Stainless steel pump head for 3834(6watts),,30,200,$5.25,$6.00,$7.25,,
KL05203,Stainless Hop Bomb - 70mm Diameter with 40cm Chain,150,30,600,$0.95,$1.08,$1.31,,
KL05234,4.2V Charger,,30,500,$1.52,$1.74,$2.10,,
KL05241,Li-Ion Rechargeable Battery - 18650,,30,500,$2.00,$2.28,$2.76,,
KL06057,A-Type Keg Coupler S.S (with Pressure Relief Valve),30,30,90,$18.38,$21.00,$25.38,,
KL07153,Beverage Tag x 10,,30,100,$1.05,$1.20,$1.45,,
KL07160,KegLand Sodastream Filling Adaptor with Bleed Valve (USA Thread),100,30,200,$6.20,$7.08,$8.56,,
KL07306,KegLand Sodastream Filling Adaptor with Bleed Valve (AUS Thread),100,30,200,$6.20,$7.08,$8.56,,
KL07672,7 in 1 Faucet Spanner/Wrench Tool,200/bag,30,400,$0.84,$0.88,$0.96,,
KL08815,A-Type Keg Coupler S.S (includes 2 x Duotight KL06903),30,30,90,$15.75,$18.00,$21.75,,
KL10856,24V DC Transformer (2m cord with Anderson Plug; 240v power cord)20amp 500W,,30,100,$28.88,$33.00,$39.88,,
KL11846,KegLand Sodastream Filling Adaptor with Bleed Valve Seal kit,,30,400,$0.84,$0.96,$1.16,,
KL12447,Double Tap Cooler Box/Jockey Box/Magic Box - With Aluminium Cold Plate,1,30,80,$167.38,$190.72,$229.62,,
KL12539,24V 150w DC Transformer (with Anderson Plug X 2M ; 220v power cord directly),10,30,100,$30.92,$35.34,$42.70,,
KL13161,Punched Counter Top Drip Tray - 30cm x 17xcm x 1.5cm,30,30,210,$7.88,$8.72,$10.12,,
KL15752,"4 Taps EVA Beer Line Set with clamps, 7 in 1 spanner and 3 x Duotight tee (for font kit)",,30,90,$5.85,$6.68,$8.08,,
KL17336,24V Cannular Pro DC Transformer (with Anderson Plug x 2M; 110v power cord directly),,30,100,$39.90,$45.60,$55.10,,
KL17343,24V Cannular Pro DC Transformer (with Anderson Plug x 2M; 240v power cord directly),,30,100,$39.90,$45.60,$55.10,,
,Aluminum cylinder 1.68L with 1.14kg Co2; wall thicker: 5.46mm (Discontinued),,30,100,$30.98,$35.40,$42.78,,
,Aluminum cylinder 3.35L with 2.27kg Co2; wall thicker: 5.46mm (Discontinued),,30,100,$38.33,$43.80,$52.93,,
,Aluminum cylinder 4L with 2.7kg Co2; wall thicker: 5.46mm (Discontinued),,30,100,$39.90,$45.60,$55.10,,
,Aluminum cylinder 4.55L with 3.1kg Co2;wall thicker: 6.15mm (Discontinued),,30,100,$43.05,$49.20,$59.45,,
,Aluminum cylinder 4.55L with 3.1kg Co2;wall thicker: 5.08mm (Discontinued),,30,100,$39.90,$45.60,$55.10,,
,Aluminum cylinder 6.7L with 4.55kg Co2 wall thicker: 7.20mm (Discontinued),,30,100,$54.60,$62.40,$75.40,,
,Aluminum cylinder 6.7L with 4.55kg Co2 wall thicker: 8.91mm (Discontinued),,30,100,$57.75,$66.00,$79.75,,
,Aluminum cylinder 9L with 6.1kg Co2 wall thicker: 9.37mm (Discontinued),,30,100,$74.55,$85.20,$102.95,,
,Aluminum cylinder 10L with 6.75kg Co2 wall thicker: 9.37mm (Discontinued),,30,100,$76.65,$87.60,$105.85,,
KL06248,EVABarrier 6mm(15/64) x 9.5mm(3/8) Double Wall EVA (12meter Length in Bag),32,32,320,$4.41,$5.04,$6.09,,
KL02745,Keg Opening Tools D & S,33,33,198,$7.88,$9.00,$10.88,,
KL04855,"Ratchet Pulley 3/8"" Rope 113kg (250lb) Rating (Discontinued)",34,34,340,$2.10,$2.40,$2.90,,
KL02912,Parka for 19L Kegs (Super Thick Black),36,36,324,$6.04,$6.76,$7.96,,
KL04169,Beverage Doctor - Pen Style PH Meter,36,36,504,$18.01,$20.44,$24.49,,8.7
KL12546,24V 150w DC Transformer (with Anderson Plug ; 110v power cord directly),12,36,120,$30.92,$35.34,$42.70,,
KL00710,"Single EVA Beer Line Set with clamps, 7 in 1 spanner (for font kit)",40,40,80,$2.42,$2.76,$3.34,,
KL02554,"Gas Line Manifold Splitter 2 ways (1/4inch, 6mm Barb)",40,40,200,$5.36,$6.12,$7.40,,
KL02608,Gas Line Manifold Splitter 2 ways (MFL Thread),40,40,200,$5.62,$6.42,$7.76,,
KL02653,"Gas Line Manifold Splitter 2 ways (5/16inch, 8mm Barb)",40,40,200,$5.36,$6.12,$7.40,,
KL02721,Check Valves( 8mm push in type),,40,800,$1.68,$1.92,$2.32,,
KL03223,Premium Regulated CO2 Charger,40,40,800,$11.03,$12.60,$15.23,,
KL03285,Bamboo Base Board for Grain Mill(Discontinued),10,40,100,$5.36,$6.12,$7.40,,
KL03568,Male Quick Dis 13mm Barb,,40,600,$1.47,$1.68,$2.03,,
KL03575,Male Quick Dis 8mm Barb,,40,600,$1.58,$1.80,$2.18,,
KL03582,Female quick disconnects 13mm Barb,,40,400,$2.78,$3.18,$3.84,,
KL03599,"Female quick disconnects 1/2""ù BSP Male Thread",,40,400,$2.78,$3.18,$3.84,,
KL03605,Female quick disconnects ¬Ω BSP Female Thread,,40,400,$3.26,$3.72,$4.50,,
KL03759,Portable Refractometer with ATC,40,40,240,$9.87,$11.28,$13.63,,
KL03933,Borosilicate Erlenmyer Conical Flasks 50ml,160,40,640,$0.51,$0.59,$0.71,,
KL03940,Borosilicate Erlenmyer Conical Flasks 150ml,144,40,720,$0.61,$0.70,$0.84,,
KL04695,8mm Tube brush,,40,800,$1.58,$1.80,$2.18,,
KL05555,Wort Whipper - Super Compact Magnetic Stirrer,,40,100,$14.39,$16.44,$19.87,,
KL06873,Heavy Duty silicone Tube - 6m Roll (ID12.5mm x OD18.5mm),,40,300,$14.49,$16.56,$20.01,,
KL06989,Neoprene Parka/Parka for 4L Mini Keg(15x32cm),20,40,100,$5.44,$6.14,$7.32,,
KL06996,Neoprene Parka/Parka for 5L Mini Keg(18x27cm),20,40,100,$5.65,$6.38,$7.61,,
KL07009,Neoprene Parka/Parka for 8-10L Mini Keg(18x48cmÔºâ,20,40,100,$6.91,$7.82,$9.35,,
KL07061,Wort Whipper Super Compact Adjustable Magnetic Stirrer Machine,10,40,100,$15.49,$17.56,$21.01,,
KL07344,Portable Refractometer with ATC & LED Light,40,40,200,$10.50,$12.00,$14.50,,
KL09621,10mm Base Board for Grain Mill - Malt Muncher 2 & 3 Roller (PP),,40,100,$4.41,$5.04,$6.09,,
KL10610,Ball Lock Tapping Head to 2inch Tri-Clover (Commercial Keg Adaptor),,40,100,$15.02,$17.16,$20.74,,
KL12348,Power Lead for Cannular Canning Machine or MaltZilla (40amp anderson plug x alligator clips (2m),,40,150,$2.42,$2.76,$3.34,,
KL13291,Cannular Mounting Brackets,,40,120,$1.05,$1.20,$1.45,,
KL14427,Double Tap Cooler Box/Jockey Box/Magic Box Only (35L),1,40,80,$67.00,$76.00,$91.00,,
KL16766,Cannular Tin Can Chuck - For 99mm Tin Cans,,40,80,$11.55,$0.80,$15.95,,
KL17077,10mm Base Board for Grain Mill - MaltZilla (PP) (with 4 x self tapping screws),,40,100,$4.41,$5.04,$6.09,,
KL00369,D-Type Keg Coupler S.S,48,48,96,$14.70,$16.80,$20.30,,
KL00819,Font Fan Kit,24,48,192,$6.65,$7.46,$8.80,,
KL02042,10inch Beer Filtering System,12,48,192,$7.77,$8.88,$10.73,,12
KL03964,Borosilicate Erlenmyer Conical Flasks 500ml,48,48,624,$1.16,$1.32,$1.60,,
KL03971,Borosilicate Erlenmyer Conical Flasks 1000ml,24,48,600,$2.10,$2.40,$2.90,,
KL03988,Borosilicate Erlenmyer Conical Flasks 2000ml,12,48,360,$3.89,$4.44,$5.37,,
KL03995,Borosilicate Erlenmyer Conical Flasks3000ml,8,48,240,$5.62,$6.42,$7.76,,
KL04015,Borosilicate Erlenmyer Reagent Bottles 500ML,48,48,624,$2.10,$2.40,$2.90,,
KL04022,Borosilicate Erlenmyer Reagent Bottles 1000ML,24,48,600,$3.26,$3.72,$4.50,,
KL05210,Stainless Steel Hop Tube 6.6cmx29.7mm with 40cm S.S chain loop,48,48,240,$4.73,$5.40,6.525,,
KL05227,Blackboard/Whiteboard tap handle (Includes 2 chalk sticks),48,48,240,$14.34,$16.24,19.415,,
KL06071,D-Type Keg Coupler S.S (with Pressure Relief Valve),48,48,96,$16.59,$18.96,$22.91,,
KL06095,S-Type Keg Coupler S.S (with Pressure Relief Valve),48,48,96,$16.59,$18.96,$22.91,,
KL06385,Mini Keg - 10L (approx 340oz) (175mm x 488mm),6,48,204,$25.20,$28.80,$34.80,,
KL07504,4000W Power Station 240V - Power Controller,24,48,240,$11.34,$12.96,$15.66,,
KL08822,D-Type Keg Coupler S.S (includes 2 x Duotight KL06903),48,48,96,$13.97,$15.96,$19.29,,
KL10719,A-Type Keg Coupler S.S (with Pressure Relief Valve; 2 x Duotight KL06903),48,48,96,$17.64,$20.16,$24.36,,
KL10733,S-Type Keg Coupler S.S (with Pressure Relief Valve; 2 x Duotight KL06903),48,48,96,$15.65,$17.88,$21.61,,
KL01137,Short Shank - Stainless Steel (6.5mm1/4'' Tail suits Duotight -6.5mm 1/4' Reducer),300,50,300,$3.78,$4.32,$5.22,,12
KL01380,30cm Door Mounted Drip Trays,50,50,200,$13.65,$15.60,$18.85,,
KL01557,"repack with new box,top foam and PVC tube -2.6Kg CO2 Gas Cyliner",,50,500,$2.21,$2.52,$3.05,,
KL01588,Replacement Bucket for 30L Pail Fermenter,1,50,800,$3.94,$4.50,$5.44,,
KL01939,Bulkhead for Temperature Probe,160,50,"1,280",$0.74,$0.84,$1.02,,
KL01953,30 Watt Heating Belt,100,50,500,$4.52,$5.16,$6.24,,
KL01960,40 Watt Heating Wrap - 220-240VAC (50-60hz),99,50,495,$4.31,$4.92,$5.95,,
KL02059,1 Micron Absolute Reinforced Washable Cartridge,50,50,300,$2.84,$3.24,$3.92,,
KL02172,IN LINE REGULATOR with 8mm Push in,250,50,250,$1.58,$1.80,$2.18,,
KL02189,Mini All In One Regulator/Charger with PRV,40,50,120,$14.49,$16.56,$20.01,,
KL02738,Keg Opening Tools A,50,50,200,$8.61,$9.84,$11.89,,
KL03070,Cornelius Type Pressure Relief Valve (RPV) (GREY 100psi/7BAR),300,50,"1,200",$0.86,$0.98,$1.19,,
KL03520,IEC Power Cord,160,50,800,$1.37,$1.56,$1.89,,
KL03544,Male Quick Dis 1/2‚Äù BSP Female Thread,,50,100,$1.47,$1.68,$2.03,,
KL03551,Male Quick Dis 1/2‚Äù BSP Male Thread,,50,600,$1.47,$1.68,$2.03,,
KL03650,"Pipe with Internal 1/2""ù BSP Thread",,50,600,$0.53,$0.60,$0.73,,
KL04039,Measuring Cylinders 100ML,50,50,700,$0.45,$0.50,$0.58,,
KL04176,Beverage Doctor - Replacement Electrode/Probe,,50,200,$5.20,$5.80,$6.80,,
KL04466,Stainless Tee - 13mm Barb,1000,50,600,$1.05,$1.20,$1.45,,
KL05074,5/8 Hex Nut,,50,"1,000",$0.45,$0.52,$0.62,,
KL05081,6mm Angle Barbtail (for 5/8 Hex Nut),,50,"1,000",$1.68,$1.92,$2.32,,
KL05098,6mm Straight Barbtail for (for 5/8 Hex Nut),,50,"1,000",$0.84,$0.96,$1.16,,
KL05104,8mm Straight Barbtail for (for 5/8 Hex Nut),,50,"1,000",$0.89,$1.02,$1.23,,
KL05111,10mm Straight Barbtail for (for 5/8 Hex Nut),,50,"1,000",$0.84,$0.96,$1.16,,
KL05128,12.5mm Straight Barbtail for (for 5/8 Hex Nut),,50,"1,000",$1.00,$1.14,$1.38,,
KL05272,Chambong,,50,200,$2.78,$3.18,$3.84,,
KL05296,Pin Lock Disconnect - Gas/Grey,360,50,"1,080",$2.73,$3.12,$3.77,,
KL05302,Pin Lock Disconnect - Black/Liquid,360,50,"1,080",$2.73,$3.12,$3.77,,
KL05319,Pin Lock Disconnect - Gas/Grey MFL Thread,360,50,"1,080",$2.73,$3.12,$3.77,,
KL05326,Pin Lock Disconnect - Black/Liquid MFL Thread,360,50,"1,080",$2.73,$3.12,$3.77,,
KL05333,Cornelius Type Pressure Relief Valve (RPV) (RED 35psi/2.5BAR),300,50,"1,200",$0.99,$1.12,$1.33,,
KL06224,EVABarrier 4mm(5/32) x 8mm(5/16) Double Wall EVA (12meter Length in Bag),50,50,300,$3.26,$3.72,$4.50,,
KL06231,EVABarrier 5mm(13/64) x 8mm(5/16) Double Wall EVA (12meter Length in Bag),50,50,300,$2.47,$2.82,$3.41,,
KL06255,40 Watt Heating Wrap - 110v-120VAC (50-60hz),99,50,495,$4.31,$4.92,$5.95,,
KL06347,Mini Keg - 2L (approx 64oz) (135mm x 195mm),1,50,200,$10.29,$11.76,$14.21,,
KL06354,Mini Keg - 4L (approx 128oz) (135mm x 280mm),1,50,200,$13.97,$15.96,$19.29,,
KL06378,Mini Keg - 8L (approx 270oz) (175mm x 406mm),1,50,200,$21.11,$24.12,$29.15,,
KL06675,Bag of 20 x Stainless Stepless Clamps(suit 6-8mm OD) 9.5mm,,50,"1,000",$1.37,$1.56,$1.89,,
KL06682,Bag of 20 x Stainless Stepless Clamps(suit 7-10mm OD) 10.5mm,,50,"1,000",$1.37,$1.56,$1.89,,
KL06699,Bag of 20 x Stainless Stepless Clamps(suit 10.5-12.5mm OD) 12.8mm,,50,"1,000",$1.47,$1.68,$2.03,,
KL06705,Bag of 20 x Stainless Stepless Clamps(suit 12-14mmmm OD) 14.5mm,,50,"1,000",$1.47,$1.68,$2.03,,
KL06712,Bag of 20 x Stainless Stepless Clamps(suit 14-16mm OD) 16.5mm,,50,"1,000",$1.47,$1.68,$2.03,,
KL06729,Bag of 20 x Stainless Stepless Clamps(suit 16-18mm OD) 18.5mm,,50,"1,000",$1.47,$1.68,$2.03,,
KL06736,Bag of 20 x Stainless Stepless Clamps(suit 17-20mm OD) 20.5mm,,50,"1,000",$1.47,$1.68,$2.03,,
KL07290,Deluxe Sodastream Cylinder Adapter (with pin adjustment) (AUS Thread),,50,200,$2.68,$3.06,$3.70,,
KL08587,0.2 Micron Air Filter,500,50,500,$0.68,$0.78,$0.94,,
KL08723,Replacement Lid for Mini Keg,50,50,100,$2.47,$2.82,$3.41,,
KL08860,Food Grade Propylene Glycol 5L,1,50,100,$9.98,$11.40,$13.78,,
KL08907,Copper Packing Catalitic Converter Mesh Scourer,,50,100,$0.44,$0.50,$0.61,,
KL09010,Ball lock Disconnect with Integrated Check Valve (Gas),100,50,300,$3.05,$3.48,$4.21,,
KL09041,Flow control Ball Lock Disconnect (Liquid),10,50,200,$13.78,$15.68,$18.84,,
KL09058,Crown Seal Bottle Caps (100),,50,200,$1.42,$1.62,$1.96,,15
KL09164,Cornelius Type Pressure Relief Valve (RPV) (GREEN 65psi/4.5BAR),300,50,"1,200",$0.99,$1.12,$1.33,,
KL09416,15amp (1.5mm) Extension Lead 5m (with LED Light) (Australian Plug),,50,200,$5.57,$6.36,$7.69,,
KL09447,"Step, Stepped HSS Drill Bit 4mm-22mm Titanium Coated",,50,200,$1.68,$1.92,$2.32,,
KL09478,Solenoid valve with pushin 6.5mm,,50,200,$1.47,$1.68,$2.03,,
KL10757,Cannular - DC Canning Machine-24V - G2,1,50,100,$192.70,$218.80,$262.30,,22
KL10825,"20mm Circular Round Hole Punch, Knockout Die",248,50,248,$1.68,$1.92,$2.32,,
KL10832,"22mm Circular Round Hole Punch, Knockout Die",248,50,248,$2.00,$2.28,$2.76,,
KL10849,"32mm Circular Round Hole Punch, Knockout Die",248,50,248,$4.31,$4.92,$5.95,,
KL10863,4mm - Replacement Probe for MKII Temp Controller,,50,500,$2.05,$2.34,$2.83,,
KL10948,Replacement Mini Keg Silicone Seal For Tapping Head or Screw Cap 32mm (ID) x 35mm (OD) x 3mm (thickness),,50,200,$0.11,$0.12,$0.15,,
KL10955,Carbonator Reactor - Carbonation Lid for Continuous Soda Water,,50,100,$17.12,$19.56,$23.64,,
KL11143,PE Water Line 4mm(5/32inch)ID x 6.3mm(1/4inch)OD - 10m Roll,,50,200,$1.79,$2.04,$2.47,,
KL11914,Activated carbon (500G),,50,300,$2.00,$2.28,$2.76,,
KL11945,100mm Long Shank - Stainless SteelÔºàduotight - 8mm (5/16) x 5/8inch FemaleÔºâ,50,50,100,$8.09,$9.24,$11.17,,
KL12324,Seal Kit for D & S type keg coupler,50,50,100,$0.89,$1.02,$1.23,,
KL12331,Seal Kit for A type keg coupler,50,50,100,$1.41,$1.61,$1.94,,
KL12591,Creamer/Aerator Disc Kit (3 discs ),,50,100,$0.95,$1.08,$1.31,,
KL12607,Bottling Wand,,50,100,$1.05,$1.20,$1.45,,
KL12676,Bottle Top Capper Handheld Twin Lever,16,50,300,$6.62,$7.56,$9.14,,
KL12690,"FermZilla - Conical - Dump Valve Cone kit (Spigot Ring Nut, Dual Threaded Spigot, Cone Gasket, Spigot O-Ring)",,50,200,$2.52,$2.88,$3.48,,
KL12973,"Rotating CIP Spray Ball 1.5"" Tri Clover Compatible Connection",,50,100,$6.41,$7.32,$8.85,,
KL12980,"35L Digiboil mash upgrade kit(including Malt Pipe with Wire support,handle,Bottom Screen and False Bottom)",,50,100,$25.52,$29.16,$35.24,,
KL13055,"65L Digiboil mash upgrade kit(including Malt Pipe with Wire support,handle,Bottom Screen and False Bottom.",,50,100,$30.33,$34.67,$41.89,,
KL13086,Cannular Table Spacer - Used for 330ml Cans,150,50,100,$5.89,$6.44,$7.37,,
KL13239,Cannular Anderson Plug,,50,100,$0.53,$0.60,$0.73,,
KL13253,Cannular Power Switch On/Off,,50,100,$1.05,$1.20,$1.45,,
KL13260,Cannular Bearings for Turntable,,50,100,$1.42,$1.48,$1.58,,
KL13895,Replacement Silicone Dip Tube Hose for Mini Keg Tapping Head (54cm),,50,100,$0.53,$0.60,$0.73,,
KL13994,Sodastream cylinder valve O-ring,,50,100,$0.84,$0.96,$1.16,,
KL14021,57cm Stainless Siphon with 1.5m Heavy Duty Silicone Tube (10mm ID) carton packing,,50,100,$11.87,$13.56,$16.39,,
KL14618,"Temp Twister G2 9.5mm (3/8"") Stainless Glycol Cooling/Heating Coil (Including 9.5mm (3/8"") x 1/2"" Thread Bulkhead with Nut and Seal)",1,50,100,$11.25,$12.79,$15.35,,
KL14694,Flow Meter Device (Fill-O-Meter),,50,100,$37.70,$42.80,$51.30,,
KL14892,1/2 inch Square Drive - Keg Opening Tools A,,50,100,$4.41,$5.04,$6.09,,
KL14908,1/2 inch Square Drive - Keg Opening Tools D & S,,50,100,$4.83,$5.52,$6.67,,
KL15028,Champagne Bell of capper Handheld Twin Lever 29mm,,50,200,$1.58,$1.80,$2.18,,
KL15134,The KegLand Hop Missile | Inline Hop Infuser,,50,100,$45.47,$51.96,$62.79,,49.1
KL15295,SL10 K-LOK Oring(10pcs),,50,200,$0.00,$0.00,$0.00,,
KL15578,Deluxe Sodastream Cylinder Adapter (with pin adjustment) (EU Thread),,50,200,$2.68,$3.06,$3.70,,
KL15721,Corny lid Floating Kit,,50,300,$11.87,$13.56,$16.39,,
KL15769,Cannular Semi Auto - DC Canning Machine-24V,1,50,100,$246.25,$280.00,$336.25,,28.7
KL15851,Cannular Table Spacer - Used for 440ml Cans,,50,100,$6.20,$6.80,$7.80,,
KL15868,Mini Regulator Party Regulator - Pin Actuator/Piercer-AU Thread,,50,100,$17.85,$20.40,$24.65,,
KL15882,3 Way Ball Valve 1/2 BSP,,50,100,$6.83,$7.80,$9.43,,
KL15981,Champagne Bell (29mm) for Compact Leaver Bench Capper,,50,200,$3.15,$3.60,$4.35,,
KL16025,Can Carrier Holder - 6 Pack x Bundle of 10,50,50,200,$1.68,$1.92,$2.32,,12
KL16476,Hydranlic Float Ball Vale 1/2,,50,100,$1.89,$2.16,$2.61,,
KL16513,Cannular Table Spacer - Used for 375ml Cans,,50,100,$6.20,$6.80,$7.80,,
KL16711,Cannular Manual - Splash Guard,,50,100,$8.14,$9.30,$11.24,,
KL16728,Cannular Semi-Auto - Splash Guard,,50,100,$8.24,$9.42,$11.38,,18
KL17114,Brewzilla 35L &65L -Sight Glasses 390MM,,50,100,$3.59,$4.10,$4.96,,
KL17732,KegLand Beanie Open Top (Black) Cotton Blended,,50,100,$5.04,$5.76,$6.96,,
KL17749,KegLand Beanie (Yellow) Acrylic Blended,,50,100,$3.15,$3.60,$4.35,,
KL06361,Mini Keg - 5L (approx 170oz) (175mm x 326mm),9,54,207,$17.96,$20.52,$24.80,,
KL13451,KegLand Frisbee (Flying Disc),56,56,224,$1.05,$1.20,$1.45,,
KL02707,Carbonation Keg Lid with 0.5 M Diffusion Stone,60,60,120,$11.76,$13.44,$16.24,,
KL02868,Keg Lid with PRV & silicone O-ring,60,60,240,$5.57,$6.36,$7.69,,
KL03711,"1/2""ù BSP Stainless Ball Valve Assembly",60,60,240,$4.20,$4.80,$5.80,,
KL03728,SS 1/2inch Tap/Ball Valve with 13mm Barb,60,60,240,$3.99,$4.56,$5.51,,
KL03957,Borosilicate Erlenmyer Conical Flasks 250ml,60,60,600,$0.82,$0.94,$1.13,,
KL02929,Parka for 9.5L Kegs (Super Thick Black),65,65,325,$3.36,$3.84,$4.64,,
KL05289,Heavy Duty Brewing Gloves - 55cm Long 300grams,70,70,490,$1.47,$1.68,$2.03,,
KL13246,Cannular Rubber feet,,80,160,$1.18,$1.20,$1.25,,
KL13550,FermZilla - Flat Bottom 30L (7.9 Gal) Fermenter - Starter Kit,1,80,180,$26.75,$30.50,$36.75,,2
KL14755,FermZilla - Flat Bottom 30L (7.9 Gal) Fermenter-including Air Lock and Sticker Thermometer,1,80,180,$11.42,$12.98,$15.58,,
KL15189,"FermZilla - All Rounder 30L -Starter Kit- Includes Stand, Tank, Stainless Handle, Lid, Airlock, Stick on Thermometer, Graduation Sticker",1,80,180,$18.46,$21.02,$25.30,,2.64
KL15196,"FermZilla - All Rounder 60L -Starter Kit - Includes Stand, Tank, Stainless Handle, Lid, Airlock, Stick on Thermometer,Graduation Sticker",1,80,180,$21.08,$24.02,$28.92,,3.22
KL11396,FermZilla - Threaded Lid Ring,,90,270,$2.73,$2.98,$3.39,,
KL11402,FermZilla - Flat Lid with O-ring,,90,270,$3.00,$3.28,$3.76,,
KL15059,FermZilla - Flat Twister Lid with O-ring-3holes for twister and 60cm Thermowell,,90,270,$2.60,$2.90,$3.40,,
KL06279,Buffer Powders(4.00/6.86/9.18) 3kinds per bag,8,96,384,$1.08,$1.17,$1.32,,
KB02113,Fermzillia Red Plastic Pressure kit-G2,,100,300,$5.50,$6.16,$7.25,,
KL00826,Carbonation & Line Cleaning Cap,100,100,300,$3.78,$4.32,$5.22,,10.23
KL00833,Cornelius Type Ball Lock Post 5/8 Gas,360,100,360,$2.94,$3.36,$4.06,,
KL00840,Cornelius Type Ball Lock Post 5/8 Liguid,360,100,360,$2.94,$3.36,$4.06,,
KL00918,Decal Holder Brass,,100,"1,000",$4.94,$5.64,$6.82,,
KL01328,Sodastream Cylinder Adapter (AUS Thread),100,100,400,$1.47,$1.68,$2.03,,
KL01359,Black Plastic Draft Tap Handle - Long Slender Type,300,100,900,$0.24,$0.28,$0.33,,
KL01366,Black Plastic Draft Tap Handle - Short Ball Type,300,100,900,$0.26,$0.30,$0.36,,
KL02004,12.7mm Compression Fitting to 1/2inch BSP,100,100,400,$1.10,$1.26,$1.52,,
KL02943,Premium Ball Lock Disconnect (Grey/Gas),400,100,"5,000",$1.07,$1.22,$1.48,,
KL02950,Premium Ball Lock Disconnect (Black/Liquid),400,100,"5,000",$1.07,$1.22,$1.48,,
KL02967,Premium Ball Lock Disconnect - MFL (Grey/Gas),400,100,"5,000",$1.07,$1.22,$1.48,,
KL02974,Premium Ball Lock Disconnect - MFL (Black Liquid),400,100,"5,000",$1.07,$1.22,$1.48,,
KL03049,Cornelius Type Gas Post,100,100,800,$1.21,$1.38,$1.67,,
KL03056,Cornelius Type Liquid Post,100,100,800,$1.21,$1.38,$1.67,,
KL03087,Keg Lid Foot,400,100,"10,000",$0.11,$0.12,$0.15,,
KL03124,Stainless Keg Dip Tube - Long/Liquid,,100,"2,000",$2.00,$2.28,$2.76,,
KL03131,Stainless Keg Dip Tube - Short/Gas,100,100,"2,000",$0.47,$0.54,$0.65,,
KL03612,"1/2""ù BSP Female x 13mm Barb (005717)",,100,400,$1.05,$1.20,$1.45,,
KL03629,"1/2""ùBSP Male x 13mm Barb (005700)",,100,"1,000",$1.05,$1.20,$1.45,,
KL03636,"Stainless Nut 1/2""ù BSP (005724)",500,100,"1,000",$0.79,$0.90,$1.09,,
KL03667,"Pipe with External 1/2""ù BSP Thread",100,100,"1,000",$0.84,$0.96,$1.16,,
KL03698,"Stainless 1/2""ù BSP Washers",,100,"2,000",$0.42,$0.48,$0.58,,
KL03766,12inch/30cm S.S Hop Bazooka Screen,400,100,800,$1.47,$1.68,$2.03,,
KL03803,New Zealand Hard Wood Mash Paddle (Discontinued),,100,300,$12.60,$14.40,$17.40,,
KL04060,Pivoting Magnetic Stir Bar,,100,"1,500",$0.76,$0.86,$1.04,,
KL04145,100 Strip PH Test Kits PH 0 to PH 14,20,100,"6,000",$0.43,$0.49,$0.59,,
KL04152,100 Strip PH Test Kits PH 3.8 to PH 5.4,20,100,"6,000",$0.16,$0.18,$0.22,,
KL04183,Beverage Doctor - KCl 3mol/Litre Storage Solution,20,100,400,$1.49,$1.56,$1.68,,
KL04220,Universal silicone Faucet Tap Spout Plug,80,100,"2,000",$0.26,$0.30,$0.36,,
KL04237,Faucet / Tap Spout Brush Cap,200,100,"2,000",$0.74,$0.84,$1.02,,
KL04244,9-12mm wire clamp (Discontinued),100/bag,100,"1,000",$0.21,$0.24,$0.29,,
KL04251,11-14mm wire clamp (Discontinued),,100,"1,000",$0.21,$0.24,$0.29,,
KL04268,15-18.5mm wire clamp (Discontinued),,100,"1,000",$0.21,$0.24,$0.29,,
KL04350,Stainless splicer 6mm Barb X 13mm barb,,100,"3,000",$0.38,$0.43,$0.52,,
KL04367,Stainless splicer 6mm Barb X 8mm barb,,100,"3,000",$0.40,$0.46,$0.55,,
KL04374,Stainless splicer 8mm Barb X 10mm barb,,100,"3,000",$0.42,$0.48,$0.58,,
KL04381,Stainless splicer 10mm Barb X 13mm barb,,100,"3,000",$0.47,$0.54,$0.65,,
KL04398,Stainless Joiner 6mm Barb X 6mm barb,1000,100,"3,000",$0.33,$0.37,$0.45,,
KL04404,Stainless Joiner 8mm Barb X 8mm barb,,100,"3,000",$0.37,$0.42,$0.51,,
KL04411,Stainless Joiner 10mm Barb X 10mm barb,,100,"3,000",$0.40,$0.46,$0.55,,
KL04428,Stainless Joiner 13mm Barb X 13mm barb,1000,100,"3,000",$0.42,$0.48,$0.58,,
KL04435,Stainless Tee - 6mm Barb,1000,100,"3,000",$0.47,$0.54,$0.65,,
KL04442,Stainless Tee - 8mm Barb,,100,"3,000",$0.53,$0.60,$0.73,,
KL04459,Stainless Tee - 10mm Barb,,100,"3,000",$0.63,$0.72,$0.87,,
KL04886,Digital Oven Thermometer,100,100,"1,000",$3.47,$3.96,$4.79,,
KL05159,"1/4"" MFL (for 5/8 Hex Nut) Stainless",,100,500,$1.58,$1.80,$2.18,,
KL05166,1/4NPT x 5/16'' barb Ball Valve+Check Valve,,100,300,$2.31,$2.64,$3.19,,
KL05173,1/4NPT x 1/4'' barb Ball Valve+Check Valve,,100,300,$2.00,$2.28,$2.76,,
KL05180,1/4NPT x 5/16'' barb,,100,300,$0.74,$0.84,$1.02,,
KL05197,1/4NPT x 1/4'' barb,,100,300,$0.70,$0.80,$0.97,,
KL05456,Nylon Regulator Washer,1000,100,"3,000",$0.17,$0.19,$0.22,,
KL05845,Gauge Guard S.S. for MKII & MKIII Regulator,,100,500,$3.68,$4.20,$5.08,,
KL06781,Spunding Valve / Adjustable Pressure Relief Valve (304 Stainless)ÔºàDiscontinuedÔºâ,,100,200,$4.78,$5.32,$6.22,,
KL06972,Mini Keg - Ball Lock Tapping Head,100,100,200,$13.65,$15.60,$18.85,,
KL07078,5/8 EPDM Washer x10(15mmIDx21.mmODx3mm),,100,500,$0.55,$0.62,$0.75,,
KL07085,5/8 Vinyl Washer x 10 (13mmIDx20mmODx3.7mm),,100,500,$0.55,$0.62,$0.75,,
KL07177,(5 Pack) Cam Lock Replacemnet Seal,100,100,500,$0.84,$0.96,$1.16,,
KL07696,8mm 5/16 Push in Pressure Gauge 0-40psi,100,100,200,$2.00,$2.28,$2.76,,
KL08631,Sodastream cylinder filled 450g (0.6L) Co2,20,100,500,$9.45,$10.80,$13.05,,
KL08662,Multi Post for Cornelius Type Kegs (Fits Gas and Liquid),100,100,800,$1.21,$1.38,$1.67,,
KL09241,Stainless Float + 60cm silicone Dip tube-Discontinue,,100,200,$2.39,$2.66,$3.11,,
KL09393,"duotight Flow Stopper/sight Glass (float, 2xKL06903, acrylic sight glass, silicone float)",1,100,400,$3.16,$3.54,$4.17,,
KL09461,"Garden Hose Quick Connect Coupling 1/2"" Female",,100,300,$0.37,$0.42,$0.51,,
KL09706,BlowTie Diaphragm Spunding Valve Kit,1,100,300,$5.88,$6.72,$8.12,,
KL10740,shopping bag,,100,300,$1.16,$1.32,$1.60,,
KL11020,Digital Kitchen Scales 1g - 10kg,40,100,200,$1.70,$1.94,$2.35,,16.2
KL11150,Digital Probe Thermeometer with Silicone Housing (suits thermowell KL07351),20,100,200,$1.21,$1.38,$1.67,,
KL11365,"FermZilla - Conical - 1000ml Collection Container with Lid, Caps and O-ring)",20,100,400,$5.01,$5.44,$6.16,,7.2
KL11389,"FermZilla - Conical - Spigot Assembly (Dual Threaded Spigot, Cone Gasket, Spigot O-Ring)",,100,300,$3.89,$4.16,$4.61,,
KL11471,FermZilla - Conical - 27L Cardboard Box,,100,200,$1.68,$1.92,$2.32,,
KL11532,8mm 5/16 Push in Pressure Gauge 0-150psi,100,100,200,$2.00,$2.28,$2.76,,
KL12430,Stainless Keg Dip Tube 7.6mm - W/O orienting tabs,,100,"2,000",$0.55,$0.62,$0.75,,
KL12577,Drain Bulkhead for Count Sink drip tray,100,100,300,$0.84,$0.96,$1.16,,
KL12638,Silicone Bung 9mm Hole (17.5m x 22.5mm),,100,200,$0.37,$0.42,$0.51,,
KL12812,Silicone Bung 25 x 38 Bored (Fits 5L Demijohns & 23L Carboys),,100,200,$0.68,$0.78,$0.94,,
KL12829,Silicone Bung 25 x 38 Solid (Fits 5L Demijohns & 23L Carboys),,100,200,$0.59,$0.67,$0.81,,
KL13079,FermZilla - Stainless 304 Grade Handle,,100,200,$2.39,$2.66,$3.11,,
KL13383,Brass Dual-Threaded Insert for Wooden Tap Handles,10,100,200,$0.42,$0.48,$0.58,,
KL13475,Sodastream cylinder valve,,100,500,$3.15,$3.60,$4.35,,
KL13482,Burst disk - Sodastream cylinder valve,,100,500,$0.63,$0.72,$0.87,,
KL13567,Fermzilla - All Rounder - Bridle Webbing Strap,,100,300,$2.10,$2.40,$2.90,,
KL13574,Stainless1/4‚Äù BSP Washers,,100,300,$0.53,$0.60,$0.73,,
KL13796,KegLand BBQ Brewers Apron,,100,300,$3.99,$4.56,$5.51,,
KL14014,FermZilla - Conical - 55L Cardboard Box,,100,200,$2.00,$2.28,$2.76,,
KL14076,Stainless Float + 80cm silicone Dip tube,,100,200,$2.60,$2.90,$3.40,,
KL14083,Plastic Siphon with Vinyl Tube (10mmx14mm;1.5m),,100,300,$3.60,$4.04,$4.78,,
KL14250,FermZilla - Oil Filter Removal Tool - Collection Container Removal Wrench,,100,200,$1.34,$1.54,$1.86,,
KL14557,Pipe Cutter (3-22mm ),1,100,200,$1.16,$1.32,$1.60,,
KL14649,"60cm Thermowell (8mm(5/16"") OD) Includes duotight 8mm (5/16"") x 1/4inch thread with o-ring and nut G2",,100,200,$1.45,$1.66,$2.00,,
KL14656,Replacement seal of A -Type spear,,100,500,$0.53,$0.60,$0.73,,
KL14663,Replacement seal of D -Type spear,,100,500,$0.53,$0.60,$0.73,,
KL14717,Stainless Flexi Arm 40cm with 1/2inch Hex Nut,50,100,200,$0.53,$0.60,$0.73,,
KL14816,8mm 5/16 Push in Pressure Gauge 0-15psi,,100,200,$2.05,$2.34,$2.83,,
KL14830,PCO1881 Carbonation Cap Tee Adapter (Female x Male x Male),100,100,300,$0.69,$0.72,$0.76,,
KL15042,Duotight - Blowtie 2 with Integrated Gauge 0-15psi,,100,300,$3.73,$4.26,$5.15,,
KL15066,Bottle cap shooting gun,,100,200,$1.00,$1.14,$1.38,,
KL15097,Stainless Flexi Arm 80cm with 1/2inch Hex Nut,50,100,200,$0.74,$0.84,$1.02,,
KL15219,FermZilla - All Rounder 30L - Replacement Tank Only,1,100,200,$7.85,$8.90,$10.65,,
KL15226,FermZilla - All Rounder 60L - Replacement Tank Only,1,100,200,$10.48,$11.90,$14.28,,
KL15561,Sodastream Cylinder Adapter (EU Thread),,100,400,$1.47,$1.68,$2.03,,
KL15653,Buffer Powders(4.00/7.00) 2 kinds per bag,,100,400,$0.68,$0.75,$0.88,,
KL15806,"Replacement Font Seal / Gasket (Suits: Quadruple, Triple, Double, Single Brushed Fonts)",,100,"1,000",$0.26,$0.30,$0.36,,
KL16452,"Cornelius Type Ball Lock Post 1/2 Gas (Mytton, Rheem)",,100,360,$2.63,$3.00,$3.63,,
KL16469,"Cornelius Type Ball Lock Post 1/2 Liquid (Mytton, Rheem)",,100,360,$2.63,$3.00,$3.63,,
KL16520,1/4NPT x MFL Thread Ball Valve+Check Valve,,100,300,$2.00,$2.28,$2.76,,
KL17657,Garden Hose Quick Connector Coupling M22 Female/M24 Male,,100,300,$0.74,$0.84,$1.02,,
KL03704,"silicone 1/2""ù BSP Washers",60,120,"3,000",$0.21,$0.24,$0.29,,
KL07054,Clamp Tool for Stepless Clamps,60,120,600,$1.63,$1.86,$2.25,,
KL05449,Can Fresh - Aluminium Cans (500ml/16oz) 207pcs/carton packing(58x53x51cm),1,160,435,$31.50,$36.00,$43.50,,
KL07115,1/4 MFL x 1/4 NPT,16,160,320,$0.88,$1.01,$1.22,,
KL13093,Can Fresh - Black Aluminium Cans (330ml/11oz) 300pcs/carton,1,160,435,$44.63,$51.00,$61.63,,
KL15684,Can Fresh - Full Aperture Lid Aluminium Cans (500ml/16oz) 207pcs/carton packing(58x53x51cm),1,160,435,$31.50,$36.00,$43.50,,
KL15707,Can Fresh - Full Aperture Lid - Black Aluminium Cans (330ml/11oz) 300pcs/carton,1,160,435,$44.63,$51.00,$61.63,,
KL16445,Steel Tin Can 98units x 850ml (easy open lid)(100mm D x 121 mm H),,160,435,$34.18,$39.06,$47.20,,
KL03643,BlowTie Diaphragm Spunding Valve / Adjustable Pressure Relief Valve (0-40 psi),176,176,352,$2.37,$2.56,$2.89,,
KL00871,Decal Holder Plastic 73MM Chrome,24/192,192,768,$1.16,$1.32,$1.60,,
KL00888,Decal Holder Plastic 82MM Chrome,24/192,192,768,$1.26,$1.44,$1.74,,
KL00895,Decal Holder Plastic 73MM Copper,24/192,192,768,$1.73,$1.98,$2.39,,
KL00901,Decal Holder Plastic 82MM Copper,24/192,192,768,$1.73,$1.98,$2.39,,
KL00963,Picnic/Bronco Party Tap,500,200,"2,000",$0.32,$0.36,$0.44,,
KL03025,Swivel Nut & Barb-MFL Disconnect,100,200,"1,200",$0.63,$0.72,$0.87,,
KL03063,silicone Hatch/Lid O-ring,200/bag,200,"2,000",$0.50,$0.58,$0.70,,
KL03148,Poppet and Spring (two piece),,200,"3,000",$0.37,$0.42,$0.51,,
KL04275,14-25mm butterfly hose clamp,100/10000,200,"10,000",$0.13,$0.14,$0.17,,
KL06415,1/2Inch BSP X 1/4Inch BSP Stainless Reducing Socket,,200,400,$0.53,$0.60,$0.73,,
KL10566,"1"" to 3/4 304 Stainless Reducing Socket (BSP)",,200,400,$1.10,$1.26,$1.52,,
KL10573,3/4 to 1/2 304 Stainless Reducing Socket (BSP),,200,400,$0.63,$0.72,$0.87,,
KL10580,1/2 to 3/8 304 Stainless Reducing Socket (BSP),,200,400,$0.53,$0.60,$0.73,,
KL10597,3/8 to 1/4 304 Stainless Reducing Socket (BSP),,200,400,$0.42,$0.48,$0.58,,
KL10603,1/4 to 1/8 304 Stainless Reducing Socket (BSP) Discontinued,,200,400,$0.00,$0.00,$0.00,,
KL11372,FermZilla - Conical - Collection Container O-ring (OD105mm X 2.4mm),,200,800,$0.11,$0.12,$0.15,,
KL12553,Cryogelular - Cold Gel Pack 6 x 10 Cold Cells 36cmX43cm,25,200,500,$2.05,$2.34,$2.83,,
KL13413,Stainless Float Kit (S.S Float + S.S Keg Dip Tube W/O orienting tabs S.S Dip tube and 60cm silicone tube(6X9MM),,200,500,$3.23,$3.62,$4.27,,
KL13642,BrewZilla 35L - Replacement Eye Bolt assembly for Boiler False Bottom,,200,300,$0.37,$0.42,$0.51,,
KL14038,Monotight - 6.35mm(1/4inch) x 1/2inch Thread Female,200,200,400,$0.22,$0.25,$0.30,,
KL14045,Monotight - 6.35mm(1/4inch) Joiner,200,200,400,$0.22,$0.25,$0.30,,
KL14052,Monotight - 6.35mm(1/4inch) Elbow,200,200,400,$0.22,$0.25,$0.30,,
KL14601,Monotight - 8mm x (1/2inch) Thread Male,200,200,400,$0.22,$0.25,$0.30,,
KL05357,StellarSan Sanitizer - Phosphoric Sanitiser (500ml) 16oz,24,240,"6,000",$1.66,$1.85,$2.16,,
KL05364,Phosphoric Acid 96% (500ml) 16oz,24,240,"9,960",$1.68,$1.92,$2.32,,
KL11037,"duotight - 9.5mm (3/8) x FFL (to fit MFL Disconnects - 7/16"" - 20UNF)",250,250,"2,000",$0.60,$0.66,$0.75,,
KL02370,duotight - 8mm (5/16) Joiner,,300,"2,000",$0.36,$0.39,$0.44,,
KL02387,duotight - 8mm (5/16) Tee Piece,100,300,"2,000",$0.44,$0.49,$0.56,,
KL02400,duotight - 8mm (5/16) Elbow,150,300,"1,950",$0.36,$0.39,$0.44,,
KL03896,Wort Aerator - Air Pump Only - 220-240V - AU PLUGS,30,300,900,$2.52,$2.88,$3.48,,
KL03902,Wort Aerator - Air Pump Only - 110-120V - USA PLUGS,,300,900,$2.73,$3.12,$3.77,,
KL03919,Wort Aerator - Air Pump Kit - 220-240V - AU PLUGS,30,300,900,$6.66,$7.61,$9.19,,
KL03926,Wort Aerator - Air Pump Kit - 110-120V - USA PLUGS,,300,900,$6.87,$7.85,$9.48,,
KL05500,Beverage Tag,,300,"1,000",$0.11,$0.12,$0.15,,
KL06392,1/4 INCH BSP STAINLESS HEX PLUG,,300,600,$0.26,$0.30,$0.36,,
KL06408,1/2 Inch BSP Stainless Hex Plug,,300,600,$0.26,$0.30,$0.36,,
KL06422,1/8 BSP Stainless Hex Nipple,,300,600,$0.42,$0.48,$0.58,,
KL06439,1/4 Inch BSP Stainless Hex Nipple,,300,600,$0.36,$0.41,$0.49,,
KL06446,3/8 Inch BSP Stainless Hex Nipple,,300,600,$0.46,$0.53,$0.64,,
KL06453,1/2 INCH BSP STAINLESS HEX NIPPLE,,300,600,$0.53,$0.60,$0.73,,
KL06460,3/4 BSP Stainless Hex Nipple,,300,600,$0.66,$0.76,$0.91,,
KL06477,1/4 INCH BSP STAINLESS INTERNAL THREADED PIPE SOCKET,,300,600,$0.16,$0.18,$0.22,,
KL06484,3/8 Inch BSP Stainless Internal Threaded Pipe Socket,,300,600,$0.25,$0.29,$0.35,,
KL06507,1/4 BSP Stainless Lock Nut,,300,600,$0.34,$0.38,$0.46,,
KL06514,3/8 BSP Stainless Lock Nut,,300,600,$0.44,$0.50,$0.61,,
KL06521,1/2 Inch BSP Stainless Lock Nut,,300,600,$0.28,$0.32,$0.39,,
KL06538,3/4 INCH BSP STAINLESS LOCK NUT,,300,600,$0.46,$0.53,$0.64,,
KL06545,Stainless Steel 1/4 inch X 1/8 inch BSP Reducing Bush,,300,600,$0.30,$0.35,$0.42,,
KL06552,Stainless Steel 3/8 inch X 1/4 inch BSP Reducing Bush,,300,600,$0.30,$0.35,$0.42,,
KL06569,Stainless Steel 1/2 inch X 1/4 inch BSP Reducing Bush,,300,600,$0.36,$0.41,$0.49,,
KL06576,3/8 x 1/2 BSP Stainless Reducing Bush,,300,600,$0.35,$0.40,$0.48,,
KL06583,Stainless Steel 3/4 inch X 1/2 inch BSP Reducing Bush,,300,600,$0.50,$0.58,$0.70,,
KL06590,Stainless Equal Tee with Internal 1/4 BSP Thread,,300,600,$0.54,$0.61,$0.74,,
KL06606,1/2 BSP Stainless Equal Tee,,300,600,$0.79,$0.90,$1.09,,
KL06613,Stainless Angle / Elbow Male to Female 1/4 inch BSP,,300,600,$0.44,$0.50,$0.61,,
KL06620,1/2 BSP Stainless Elbow (Male to Female),,300,600,$0.79,$0.90,$1.09,,
KL06637,Stainless Hose Barb 1/4 inch BSP Male x 8mm (Suits 6mm ID),,300,600,$0.44,$0.50,$0.61,,
KL06644,Stainless Hose Barb 10mm x 3/8 inch BSP Male,,300,600,$0.47,$0.54,$0.65,,
KL06668,Stainless Hose Barb 22mm x 3/4 inch BSP Male,,300,600,$0.89,$1.02,$1.23,,
KL06880,"duotight - 8mm (5/16) x FFL (to fit MFL Disconnects - 7/16"" - 20UNF)",,300,"2,000",$0.58,$0.63,$0.72,,
KL06903,duotight - 8mm (5/16) x 5/8inch Female,150,300,"1,950",$0.62,$0.68,$0.78,,
KL06927,duotight - 9.5mm (3/8) x 1/2inch Male (bulkhead),150,300,"1,950",$0.43,$0.46,$0.52,,
KL06934,duotight - 8mm (5/16) Ball Valve,100,300,"2,000",$0.57,$0.63,$0.73,,
KL06941,duotight - 8mm (5/16) x 9.5mm (3/8) Reducer,150,300,"1,950",$0.48,$0.52,$0.59,,
KL07016,duotight - 9.5mm (3/8) Joiner,150,300,"1,950",$0.41,$0.45,$0.51,,
KL07023,duotight - 9.5mm (3/8) Tee Piece,100,300,"2,000",$0.48,$0.52,$0.60,,
KL07030,duotight - 9.5mm (3/8) Elbow,150,300,"1,950",$0.41,$0.45,$0.51,,
KL07047,duotight - 8mm(5/16) Check Valve,150,300,"1,950",$0.63,$0.68,$0.77,,
KL07238,5 Panel KegLand Cap,,300,500,$4.83,$5.52,$6.67,,
KL07375,duotight - 9.5mm (3/8) x 1/2inch Male Ball Valve,60,300,"1,980",$0.64,$0.71,$0.83,,
KL07474,duotight - 9.5mm (3/8) Ball Valve ( White color),100,300,"2,000",$0.61,$0.68,$0.79,,
KL07498,duotight - 9.5mm(3/8) Check Valve (White color),150,300,"1,950",$0.96,$1.07,$1.24,,
KL08730,Push in - 6.35mm (1/4) x 1/4inch male (with oring) (bulkhead),,300,"2,000",$0.50,$0.55,$0.62,,
KL09409,Silicon Ball Float Spares for Flow Stopper (Pack of 3),3,300,600,$0.89,$1.02,$1.23,,
KL11976,6.5mm - 1/4 Inch Push in Tee Piece,,300,600,$0.16,$0.18,$0.22,,
KL13581,Stainless3/8‚Äù BSP Washers,,300,600,$1.00,$1.14,$1.38,,
KL16957,FilterÔºà50 mesh) - for floating kit,,300,600,$0.16,$0.18,$0.22,,
KL05371,Ethyl Sanitiser Spray 70% Medical Grade Ethanol + Distilled Water (1litre Spray Bottle) 32oz,19,399,"9,994",$2.31,$2.64,$3.19,,
KL17121,Chlorhexidine Hand Spray (with Hand Pump) 500ml,,399,"9,994",$1.79,$2.04,$2.47,,
KL05258,hop packing bag (Red),,400,"10,000",$0.08,$0.10,$0.12,,
KL05265,grain packing bag,,400,"10,000",$0.11,$0.12,$0.15,,
KL06897,duotight - 8mm (5/16) x 1/4inch Male (with oring),200,400,"2,000",$0.50,$0.55,$0.62,,
KL06910,duotight - 9.5mm (3/8) x 5/8inch Female,200,400,"2,000",$0.65,$0.72,$0.82,,
KL06958,duotight - 8mm (5/16) Plug,200,400,"2,000",$0.23,$0.25,$0.27,,
KL06965,duotight - 9.5mm(3/8) Plug,100,400,"2,000",$0.28,$0.30,$0.32,,
KL07481,duotight - 6.5mm (1/4) x 8mm (5/16) Reducer,200,400,"2,000",$0.33,$0.36,$0.42,,
KL08648,duotight-6.5mm(1/4) x 9.5mm(3/8) Reducer,200,400,"2,000",$0.72,$0.81,$0.96,,
KL08853,duotight - 6.35mm(1/4inch) Plug,200,400,"2,000",$0.19,$0.20,$0.23,,
KL10888,3 Pack Rolls of Teflon Tape (8m per roll),,400,800,$0.38,$0.43,$0.52,,
KL11426,FermZilla - Replacement Lid O-ring (OD106mm x2.65mm),,400,"1,000",$0.11,$0.12,$0.15,,
KL11433,FermZilla - Conical - Graduation Sticker 27L,,400,"1,000",$0.53,$0.60,$0.73,,
KL11440,FermZilla - Conical - Graduation Sticker 55L,,400,"1,000",$0.53,$0.60,$0.73,,
KL11457,FermZilla - Conical - Cone Gasket,,400,"1,000",$1.82,$1.94,$2.13,,
KL12713,FermZilla - Conical - Replacement Butterfly Valve Gate Gasket,,400,"1,000",$0.84,$0.96,$1.16,,
KL12997,Bottle washing Brush 45cm length,400,400,800,$0.68,$0.78,$0.94,,
KL13864,duotight - 9.5mm(3/8inch) x 3/4inch Thread Female,200,400,"2,000",$0.51,$0.56,$0.64,,
KL13871,duotight - 9.5mm(3/8inch) x 1/2inch Thread Female,200,400,"2,000",$0.37,$0.40,$0.45,,
KL13888,duotight - 6.35mm(1/4inch) x 3/4inch Thread Female,200,400,"2,000",$0.50,$0.55,$0.63,,
KL14434,Red Foam Insulated Cannular / KegLand Can Holder / Stubby,,400,800,$2.52,$2.88,$3.48,,
KL14441,duotight - 9.5mm (3/8) x 1/4 Male,200,400,"2,000",$0.50,$0.55,$0.62,,
KL14564,"duotight 9.5mm (3/8"") Bulkhead x 1/2inch Thread Includes Locking Nut(suits temp twister)",200,400,"2,000",$0.61,$0.68,$0.79,,
KL14595,duotight - 8MM (5/16) X 1/4 BSP MALE BULKHEAD (WITH SEATED O-RING) INCLUDES LOCKING NUT (SUITABLE FOR 60CM THERMOWELLS),200,400,"2,000",$0.67,$0.74,$0.85,,
KL14809,FermZilla - Conical - Graduation Sticker 35L,,400,"1,000",$0.53,$0.60,$0.73,,
KL15233,FermZilla - All Rounder 30L - Graduation Sticker,,400,"1,000",$1.03,$1.10,$1.23,,
KL15240,FermZilla - All Rounder 60L - Graduation Sticker,,400,"1,000",$1.03,$1.10,$1.23,,
KL15257,FermZilla - Flat Bottom 30L (7.9 Gal) Fermenter - Graduation Sticker,,400,"1,000",$1.03,$1.10,$1.23,,
KL05135,(10 PACK) 5/8 Silicone Washer,,500,"3,000",$0.55,$0.62,$0.75,,
KL05142,5/8 Vinyl Washer (13mmIDx20mmODx3.7mm) Discontinued,,500,"3,000",$0.07,$0.08,$0.09,,
KL07689,Tube Cutter 2 in 1,500,500,"1,000",$0.21,$0.24,$0.29,,
KL10788,FermZilla - Liquid/Gas Post Plastic Carbonation Cap-G2,,500,"3,000",$0.92,$1.03,$1.20,,12
KL12355,Bumper Sticker,,500,"2,000",$0.15,$0.17,$0.20,,
KL12614,Beer Pint Glass 4pcs/pack (KegLand Logo Etched),,500,"1,000",$3.19,$3.65,$4.41,,
KL14267,"FermZilla - Conical - Seal Kit (Lid O-ring, Dump Valve Spigot O-Ring and Collection Container O-ring)",,500,"1,000",$0.80,$0.85,$0.92,,
KL14298,"Fermzilla - Conical - 2"" Tri-Clover x FermZilla Harvest Adapter",,500,"1,000",$0.40,$0.46,$0.55,,
KL02325,5mm ID x 8mm OD - Per Meter Clear Vinyl Tube (Discontinued),800,800,"5,600",$0.18,$0.20,$0.25,,
KL02349,10mm ID x 14mm OD - Per Meter Clear Vinyl Tube (Discontinued),800,800,"5,600",$0.38,$0.43,$0.52,,
KL02363,13mm ID x 17mm OD - Per Meter Clear Vinyl Tube (Discontinued),800,800,"5,600",$0.48,$0.55,$0.67,,
KL05494,StellarClean - Powerful Brewery Wash PBW (1kg 35oz) in Bucket with 10g Scoop,16,800,"1,600",$2.94,$3.36,$4.06,,
KL06033,"100ml Iodophor - Iodine Sanitising, Non-Rinse, Mash Conversion Check",,800,"1,600",$0.29,$0.32,$0.36,,
KL06767,BIAB - High Quality Polyester Hop sock 13cm x 58 cm,400,800,"2,000",$0.26,$0.30,$0.36,,
KL07399,StellarSoda - Caustic Soda (1kg 35oz)(in Bucket with 10g Scoop),16,800,"1,600",$2.10,$2.40,$2.90,,
KL07405,StellarOxy - Sodium Percarbonate (1kg 35oz)(in Bucket with 10g Scoop),16,800,"1,600",$2.36,$2.70,$3.26,,
KL01304,BIAB - High Quality Polyester Bag 63micron mesh with 25mm Webbing 70cm x 85cm,100,1000,"2,000",$2.42,$2.76,$3.34,,
KL02479,Stainless Stepless Clamps(suit 6-8mm OD) 9.5mm,10000,1000,"20,000",$0.06,$0.07,$0.09,,
KL02486,Stainless Stepless Clamps(suit 7-10mm OD) 10.5mm,10000,1000,"20,000",$0.06,$0.07,$0.09,,
KL02493,Stainless Stepless Clamps(suit 10.5-12.5mm OD) 12.8mm,,1000,"20,000",$0.07,$0.08,$0.10,,
KL02509,Stainless Stepless Clamps(suit 12-14mmmm OD) 14.5mm,,1000,"20,000",$0.07,$0.08,$0.10,,
KL02516,Stainless Stepless Clamps(suit 14-16mm OD) 16.5mm,,1000,"20,000",$0.07,$0.08,$0.10,,
KL02523,Stainless Stepless Clamps(suit 16-18mm OD) 18.5mm,,1000,"20,000",$0.07,$0.08,$0.10,,
KL02530,Stainless Stepless Clamps(suit 17-20mm OD) 20.5mm,,1000,"20,000",$0.07,$0.08,$0.10,,
KL03094,Post O-ring,5000,1000,"20,000",$0.05,$0.06,$0.07,,
KL03100,Dip Tube O-ring,5000,1000,"20,000",$0.05,$0.06,$0.07,,
KL03216,16gram Cartridge (CO2) 3/8-24 UNF Thread,200,1000,"3,000",$0.58,$0.66,$0.80,,
KL06750,BIAB - High Quality Polyester Bag 63micron mesh 48cm x 48 cm,,1000,"2,000",$0.71,$0.82,$0.99,,
KL12706,FermZilla - Conical - Dump Valve - Spigot O-Ring,,1000,"2,000",$0.07,$0.08,$0.10,,
KL16889,74gram Cartridge (CO2) 5/8-18UNF Thread,,1000,"3,000",$3.26,$3.72,$4.50,,
KL01298,BIAB - Large Grain Bag 75cmW*55cmH,150,1050,"3,000",$0.89,$1.02,$1.23,,
KL01281,BIAB - Hop Sock /Small Bag 15cmW*75cmL,400,2000,"4,000",$0.26,$0.30,$0.36,,
KL03032,1/4 Nylon Flare Washer Olive for MFL Fittings,100,2000,"10,000",$0.05,$0.06,$0.07,,
KL09430,StellarClean - Powerful Brewery Wash PBW (50g 1.75oz) in Sachet,,2000,"5,000",$0.21,$0.24,$0.29,,
KL,G20 - Glycol Chiller/Icebank Tap Dispenser,,,,,,,,
KL05852,Kegasaurus - 20L Keg - A-type Valve,,,,,,,,
KL05869,Kegasaurus - 20L Keg - D-type Valve,,,,,,,,
KL05876,Kegasaurus - 30L Keg - D-type Valve,,,,,,,,
KL05883,Kegasaurus - 50L Keg - D-type valve,,,,,,,,
KL06286,5/8 Flange Nut Brass,,,,,,,,
KL07221,Food Grade Lube (NSF H1 Approved) 50g,,,,,,,,
KL15103,35L SS Bucket Buddy,1,,,,,,,
KL15523,Nukatap - Flow Control - Polished Stainless,,,,,,,,
KL15813,RAPT - Fermentation Chamber,,,,,,,,
KL15820,RAPT - Fermentation Chamber - Glass Door,,,,,,,,
KL15837,RAPT - Fermentation Chamber - Replacement Foam Filled Door,,,,,,,,
KL15844,RAPT - Fermentation Chamber - Wire Shelf,,,,,,,,
KL15943,65L SS Bucket Buddy,1,,,,,,,
KL16032,Can Carrier Holder - 4 Pack x Bundle of 10,,,,,,,,
KL16278,Keg Master - Series 4 - Fridge Only (No Accessories),,,,,,,,
KL17084,RAPT - Fermentation Chamber - Relay Board,,,,,,,,
KL17091,RAPT - Fermentation Chamber - Screen Board,,,,,,,,
KL17299,Alcohol Wipes Presaturated with 70% Ethanol and 30% Water (10/pouch),,,,,,,,
KL17770,1.5inch Tri-Clover 3600watt Heating Element,,,,,,,,
